Image,Class
image6245.jpg,misc
image10409.jpg,misc
image8692.jpg,misc
image10517.jpg,misc
image2580.jpg,misc
image848.jpg,Decorationandsignage
image1232.jpg,misc
image8386.jpg,misc
image9828.jpg,misc
image9033.jpg,misc
image2857.jpg,misc
image7838.jpg,misc
image6337.jpg,misc
image3608.jpg,misc
image9190.jpg,Decorationandsignage
image8586.jpg,Decorationandsignage
image8140.jpg,misc
image8208.jpg,misc
image1052.jpg,misc
image3926.jpg,misc
image3726.jpg,misc
image1491.jpg,misc
image1572.jpg,misc
image3925.jpg,misc
image4858.jpg,misc
image1498.jpg,misc
image6432.jpg,misc
image6175.jpg,misc
image4756.jpg,misc
image9174.jpg,misc
image7285.jpg,misc
image5797.jpg,misc
image3666.jpg,misc
image5597.jpg,misc
image5663.jpg,misc
image9985.jpg,misc
image7108.jpg,misc
image3064.jpg,misc
image1781.jpg,misc
image9617.jpg,misc
image7924.jpg,misc
image5861.jpg,misc
image4276.jpg,misc
image7252.jpg,misc
image5331.jpg,misc
image8666.jpg,misc
image5984.jpg,misc
image401.jpg,misc
image3483.jpg,misc
image10088.jpg,misc
image6596.jpg,Decorationandsignage
image318.jpg,misc
image802.jpg,misc
image6218.jpg,misc
image4565.jpg,misc
image37.jpg,misc
image2372.jpg,misc
image7920.jpg,misc
image3571.jpg,misc
image5368.jpg,misc
image753.jpg,misc
image10123.jpg,misc
image2107.jpg,misc
image1871.jpg,misc
image2731.jpg,misc
image10828.jpg,misc
image217.jpg,misc
image10788.jpg,misc
image8563.jpg,misc
image5125.jpg,misc
image2719.jpg,misc
image6911.jpg,misc
image9095.jpg,misc
image5207.jpg,misc
image7478.jpg,misc
image7776.jpg,misc
image3644.jpg,misc
image8224.jpg,misc
image2565.jpg,misc
image6160.jpg,misc
image2524.jpg,misc
image1722.jpg,misc
image8457.jpg,misc
image8578.jpg,misc
image1954.jpg,Decorationandsignage
image7643.jpg,misc
image7714.jpg,misc
image307.jpg,misc
image1341.jpg,misc
image8686.jpg,misc
image7887.jpg,misc
image3274.jpg,misc
image1426.jpg,misc
image845.jpg,misc
image1549.jpg,misc
image3503.jpg,misc
image2252.jpg,misc
image2767.jpg,misc
image10562.jpg,misc
image7268.jpg,misc
image9060.jpg,misc
image7529.jpg,misc
image3923.jpg,misc
image6891.jpg,misc
image5590.jpg,misc
image4302.jpg,misc
image9905.jpg,misc
image3328.jpg,misc
image9614.jpg,misc
image1666.jpg,misc
image1795.jpg,misc
image2928.jpg,misc
image9002.jpg,misc
image3621.jpg,misc
image4196.jpg,misc
image10143.jpg,misc
image9736.jpg,misc
image8658.jpg,misc
image7313.jpg,misc
image3422.jpg,misc
image9391.jpg,misc
image7732.jpg,misc
image9951.jpg,misc
image9627.jpg,misc
image5146.jpg,misc
image8480.jpg,misc
image1460.jpg,misc
image8731.jpg,misc
image6637.jpg,misc
image3194.jpg,misc
image9157.jpg,misc
image5073.jpg,misc
image6354.jpg,misc
image7809.jpg,misc
image9849.jpg,misc
image9965.jpg,misc
image7334.jpg,misc
image2284.jpg,misc
image5644.jpg,misc
image9675.jpg,misc
image2866.jpg,misc
image6954.jpg,misc
image5395.jpg,misc
image9619.jpg,misc
image8834.jpg,misc
image6991.jpg,misc
image8762.jpg,misc
image5474.jpg,misc
image8691.jpg,misc
image7879.jpg,misc
image6092.jpg,misc
image8918.jpg,misc
image7682.jpg,misc
image6034.jpg,misc
image9572.jpg,misc
image4291.jpg,misc
image10625.jpg,misc
image7913.jpg,misc
image8135.jpg,misc
image10242.jpg,misc
image7844.jpg,misc
image7795.jpg,misc
image7694.jpg,misc
image3760.jpg,misc
image7889.jpg,misc
image528.jpg,misc
image4611.jpg,misc
image6782.jpg,misc
image2964.jpg,Decorationandsignage
image2054.jpg,misc
image7256.jpg,misc
image4101.jpg,misc
image7368.jpg,misc
image476.jpg,misc
image3695.jpg,misc
image7845.jpg,misc
image3256.jpg,misc
image7168.jpg,misc
image9061.jpg,misc
image3908.jpg,misc
image7595.jpg,misc
image3883.jpg,misc
image4839.jpg,misc
image1152.jpg,misc
image393.jpg,misc
image675.jpg,misc
image7312.jpg,misc
image8410.jpg,misc
image9789.jpg,misc
image2595.jpg,misc
image9221.jpg,misc
image7929.jpg,misc
image9492.jpg,misc
image9388.jpg,misc
image10433.jpg,misc
image5595.jpg,misc
image7434.jpg,misc
image9362.jpg,misc
image9346.jpg,misc
image6659.jpg,misc
image7576.jpg,misc
image2759.jpg,misc
image1512.jpg,misc
image8242.jpg,misc
image2432.jpg,misc
image1361.jpg,misc
image2091.jpg,misc
image6581.jpg,misc
image5385.jpg,misc
image2435.jpg,misc
image3085.jpg,misc
image9244.jpg,misc
image5102.jpg,misc
image3063.jpg,misc
image6467.jpg,misc
image4918.jpg,misc
image578.jpg,misc
image7939.jpg,misc
image5248.jpg,misc
image4645.jpg,misc
image10859.jpg,misc
image7742.jpg,misc
image10366.jpg,misc
image9765.jpg,misc
image9238.jpg,misc
image7857.jpg,misc
image1240.jpg,misc
image8123.jpg,misc
image10304.jpg,misc
image4722.jpg,misc
image6515.jpg,misc
image7727.jpg,misc
image5253.jpg,misc
image8843.jpg,misc
image9996.jpg,misc
image3671.jpg,misc
image5477.jpg,misc
image8049.jpg,misc
image3948.jpg,misc
image2938.jpg,misc
image974.jpg,misc
image4635.jpg,misc
image4113.jpg,misc
image4811.jpg,misc
image6062.jpg,misc
image2823.jpg,misc
image9168.jpg,misc
image2149.jpg,misc
image6237.jpg,misc
image5350.jpg,misc
image10166.jpg,misc
image1603.jpg,misc
image3198.jpg,misc
image5806.jpg,misc
image8601.jpg,misc
image4070.jpg,misc
image7146.jpg,misc
image8820.jpg,misc
image6830.jpg,misc
image7457.jpg,misc
image917.jpg,misc
image8878.jpg,misc
image2894.jpg,misc
image8755.jpg,misc
image8217.jpg,misc
image10292.jpg,misc
image9911.jpg,misc
image4697.jpg,misc
image9786.jpg,misc
image5355.jpg,misc
image3001.jpg,misc
image7922.jpg,misc
image3850.jpg,misc
image2773.jpg,misc
image9296.jpg,misc
image9654.jpg,misc
image5958.jpg,misc
image7994.jpg,misc
image10700.jpg,misc
image4791.jpg,misc
image9423.jpg,misc
image4984.jpg,misc
image8742.jpg,misc
image3227.jpg,misc
image1121.jpg,misc
image9557.jpg,misc
image5867.jpg,misc
image7264.jpg,misc
image82.jpg,misc
image2226.jpg,misc
image6487.jpg,misc
image1202.jpg,misc
image2465.jpg,misc
image3124.jpg,misc
image10201.jpg,misc
image457.jpg,misc
image9449.jpg,misc
image3653.jpg,misc
image4375.jpg,misc
image8980.jpg,misc
image2292.jpg,misc
image4513.jpg,Decorationandsignage
image8710.jpg,misc
image5016.jpg,misc
image9748.jpg,misc
image5256.jpg,misc
image8312.jpg,misc
image5632.jpg,misc
image8105.jpg,misc
image1284.jpg,misc
image7303.jpg,misc
image282.jpg,misc
image9112.jpg,misc
image597.jpg,misc
image3566.jpg,misc
image5083.jpg,misc
image9746.jpg,misc
image10072.jpg,misc
image1318.jpg,misc
image5213.jpg,misc
image5362.jpg,misc
image5234.jpg,misc
image7247.jpg,misc
image6125.jpg,misc
image4569.jpg,misc
image9010.jpg,misc
image2279.jpg,misc
image7412.jpg,misc
image6559.jpg,misc
image455.jpg,misc
image8894.jpg,misc
image3367.jpg,misc
image5736.jpg,misc
image350.jpg,misc
image5057.jpg,misc
image3625.jpg,misc
image1920.jpg,misc
image6692.jpg,misc
image114.jpg,misc
image7115.jpg,misc
image7435.jpg,misc
image736.jpg,Decorationandsignage
image1053.jpg,misc
image6728.jpg,misc
image8227.jpg,misc
image7719.jpg,misc
image5621.jpg,misc
image2428.jpg,misc
image389.jpg,misc
image10491.jpg,misc
image10780.jpg,misc
image8024.jpg,misc
image9249.jpg,misc
image5716.jpg,misc
image3437.jpg,misc
image6943.jpg,misc
image10739.jpg,misc
image3472.jpg,misc
image10486.jpg,misc
image5783.jpg,misc
image10164.jpg,misc
image3996.jpg,misc
image6422.jpg,misc
image8232.jpg,misc
image1902.jpg,misc
image8672.jpg,misc
image1410.jpg,misc
image10408.jpg,misc
image10114.jpg,misc
image1330.jpg,misc
image10314.jpg,misc
image7304.jpg,misc
image10219.jpg,misc
image1964.jpg,misc
image6242.jpg,misc
image6869.jpg,misc
image1247.jpg,misc
image4278.jpg,misc
image4481.jpg,misc
image7815.jpg,Decorationandsignage
image2876.jpg,misc
image8673.jpg,misc
image1385.jpg,misc
image1961.jpg,misc
image1323.jpg,misc
image3501.jpg,misc
image3062.jpg,misc
image660.jpg,misc
image4938.jpg,misc
image6400.jpg,misc
image3552.jpg,misc
image8620.jpg,misc
image3082.jpg,misc
image4376.jpg,misc
image6056.jpg,misc
image4519.jpg,misc
image3271.jpg,misc
image9670.jpg,Decorationandsignage
image1829.jpg,misc
image2360.jpg,misc
image1826.jpg,misc
image10228.jpg,misc
image10142.jpg,misc
image9420.jpg,misc
image2640.jpg,misc
image9846.jpg,misc
image3006.jpg,misc
image6737.jpg,misc
image1057.jpg,misc
image9921.jpg,misc
image9170.jpg,misc
image1831.jpg,misc
image5552.jpg,misc
image9664.jpg,misc
image682.jpg,misc
image4465.jpg,misc
image9350.jpg,misc
image10241.jpg,misc
image2343.jpg,misc
image8018.jpg,misc
image4799.jpg,misc
image5730.jpg,misc
image5899.jpg,misc
image10468.jpg,misc
image935.jpg,misc
image7582.jpg,misc
image10010.jpg,misc
image10539.jpg,misc
image2748.jpg,misc
image4030.jpg,misc
image8274.jpg,misc
image6698.jpg,misc
image2274.jpg,misc
image3689.jpg,misc
image3428.jpg,misc
image4211.jpg,misc
image5215.jpg,misc
image5137.jpg,misc
image6646.jpg,misc
image1277.jpg,misc
image2702.jpg,misc
image6586.jpg,misc
image1797.jpg,misc
image8726.jpg,misc
image2762.jpg,misc
image5019.jpg,misc
image2038.jpg,misc
image6359.jpg,misc
image5734.jpg,misc
image6738.jpg,misc
image9123.jpg,misc
image3595.jpg,misc
image896.jpg,misc
image119.jpg,misc
image5026.jpg,misc
image7345.jpg,misc
image2505.jpg,misc
image2233.jpg,misc
image5944.jpg,misc
image5423.jpg,misc
image8147.jpg,misc
image8440.jpg,misc
image8678.jpg,misc
image7624.jpg,misc
image2165.jpg,misc
image4977.jpg,misc
image2730.jpg,misc
image8664.jpg,misc
image7330.jpg,misc
image6851.jpg,misc
image473.jpg,misc
image8268.jpg,misc
image6266.jpg,misc
image2253.jpg,misc
image3307.jpg,misc
image4245.jpg,misc
image8389.jpg,misc
image6634.jpg,misc
image5377.jpg,misc
image2639.jpg,misc
image9259.jpg,misc
image7841.jpg,misc
image5741.jpg,misc
image3714.jpg,misc
image5044.jpg,misc
image10182.jpg,misc
image7178.jpg,misc
image8889.jpg,misc
image108.jpg,misc
image1335.jpg,misc
image3221.jpg,misc
image10053.jpg,Decorationandsignage
image545.jpg,misc
image4877.jpg,misc
image1351.jpg,misc
image3434.jpg,misc
image4931.jpg,misc
image9655.jpg,misc
image1163.jpg,misc
image5921.jpg,misc
image218.jpg,misc
image8028.jpg,misc
image5773.jpg,misc
image2552.jpg,misc
image6073.jpg,misc
image4128.jpg,misc
image3399.jpg,misc
image8780.jpg,misc
image8288.jpg,misc
image1312.jpg,misc
image2728.jpg,misc
image5466.jpg,misc
image2891.jpg,misc
image6623.jpg,misc
image3233.jpg,misc
image8826.jpg,misc
image3142.jpg,misc
image8528.jpg,misc
image5032.jpg,misc
image3166.jpg,misc
image2711.jpg,misc
image4056.jpg,misc
image1328.jpg,misc
image100.jpg,misc
image4754.jpg,misc
image4392.jpg,misc
image4434.jpg,misc
image8856.jpg,misc
image10427.jpg,misc
image5226.jpg,misc
image8104.jpg,misc
image4724.jpg,misc
image7633.jpg,misc
image1168.jpg,misc
image4786.jpg,misc
image8011.jpg,misc
image8417.jpg,misc
image7090.jpg,misc
image2742.jpg,misc
image9836.jpg,misc
image2152.jpg,misc
image9057.jpg,Decorationandsignage
image2445.jpg,misc
image2440.jpg,misc
image4770.jpg,misc
image4480.jpg,misc
image10357.jpg,misc
image4556.jpg,misc
image3835.jpg,misc
image10367.jpg,misc
image5435.jpg,misc
image390.jpg,misc
image2666.jpg,misc
image6566.jpg,misc
image7418.jpg,misc
image7730.jpg,misc
image4740.jpg,misc
image3026.jpg,misc
image7839.jpg,misc
image8613.jpg,misc
image5270.jpg,misc
image4691.jpg,misc
image5623.jpg,misc
image5711.jpg,misc
image824.jpg,misc
image8497.jpg,misc
image7446.jpg,misc
image5170.jpg,misc
image5244.jpg,misc
image5275.jpg,misc
image8724.jpg,misc
image9345.jpg,misc
image9404.jpg,misc
image2750.jpg,misc
image1643.jpg,misc
image1649.jpg,misc
image2932.jpg,misc
image9505.jpg,misc
image7172.jpg,misc
image8711.jpg,misc
image238.jpg,misc
image143.jpg,misc
image10568.jpg,misc
image2386.jpg,misc
image8567.jpg,misc
image6931.jpg,misc
image294.jpg,misc
image1165.jpg,misc
image5996.jpg,misc
image8948.jpg,misc
image7751.jpg,misc
image7620.jpg,misc
image2520.jpg,misc
image9887.jpg,misc
image2024.jpg,misc
image6305.jpg,misc
image6000.jpg,misc
image1994.jpg,misc
image7086.jpg,misc
image10365.jpg,misc
image4311.jpg,misc
image7338.jpg,misc
image9769.jpg,misc
image571.jpg,misc
image10028.jpg,misc
image4237.jpg,misc
image3728.jpg,misc
image2422.jpg,misc
image9222.jpg,misc
image4393.jpg,misc
image5645.jpg,misc
image8339.jpg,misc
image2410.jpg,misc
image3248.jpg,misc
image1058.jpg,misc
image410.jpg,misc
image5468.jpg,misc
image9085.jpg,misc
image6324.jpg,misc
image3301.jpg,misc
image6908.jpg,misc
image9429.jpg,misc
image126.jpg,misc
image9939.jpg,misc
image6839.jpg,misc
image1501.jpg,misc
image7062.jpg,misc
image5050.jpg,misc
image2184.jpg,misc
image5176.jpg,misc
image2045.jpg,misc
image2111.jpg,misc
image10073.jpg,misc
image6191.jpg,misc
image10688.jpg,misc
image3616.jpg,misc
image3215.jpg,misc
image7517.jpg,misc
image8107.jpg,misc
image6257.jpg,misc
image4448.jpg,misc
image3410.jpg,misc
image7148.jpg,misc
image2910.jpg,misc
image7632.jpg,misc
image2148.jpg,misc
image8549.jpg,misc
image10294.jpg,misc
image9523.jpg,misc
image6678.jpg,misc
image8279.jpg,misc
image6021.jpg,misc
image7326.jpg,misc
image8077.jpg,misc
image206.jpg,misc
image6202.jpg,misc
image2633.jpg,misc
image4860.jpg,misc
image6264.jpg,misc
image7164.jpg,misc
image5725.jpg,misc
image10224.jpg,misc
image5592.jpg,misc
image6236.jpg,misc
image3745.jpg,misc
image8472.jpg,Decorationandsignage
image2918.jpg,misc
image3357.jpg,misc
image6439.jpg,misc
image5767.jpg,misc
image6549.jpg,misc
image3250.jpg,misc
image3935.jpg,misc
image4983.jpg,misc
image9705.jpg,misc
image7487.jpg,misc
image6766.jpg,misc
image8544.jpg,misc
image1355.jpg,misc
image5782.jpg,misc
image1024.jpg,misc
image9109.jpg,misc
image580.jpg,misc
image3299.jpg,misc
image1432.jpg,misc
image1926.jpg,misc
image5357.jpg,misc
image1958.jpg,misc
image8489.jpg,misc
image2764.jpg,misc
image8187.jpg,Decorationandsignage
image792.jpg,misc
image1231.jpg,misc
image5140.jpg,misc
image5049.jpg,misc
image9525.jpg,misc
image6431.jpg,misc
image662.jpg,misc
image7324.jpg,misc
image3762.jpg,misc
image5987.jpg,misc
image7498.jpg,misc
image7539.jpg,misc
image5356.jpg,misc
image9749.jpg,misc
image9081.jpg,misc
image7545.jpg,misc
image8264.jpg,misc
image3005.jpg,misc
image7182.jpg,misc
image9561.jpg,misc
image7405.jpg,misc
image3999.jpg,misc
image3579.jpg,misc
image2503.jpg,misc
image3888.jpg,misc
image3032.jpg,misc
image8754.jpg,misc
image2167.jpg,misc
image8681.jpg,misc
image9995.jpg,misc
image8623.jpg,misc
image3335.jpg,misc
image1609.jpg,misc
image1654.jpg,misc
image10477.jpg,misc
image9319.jpg,misc
image2736.jpg,misc
image6916.jpg,misc
image1969.jpg,misc
image3096.jpg,misc
image9330.jpg,misc
image3691.jpg,misc
image9986.jpg,misc
image10469.jpg,misc
image7410.jpg,misc
image7123.jpg,misc
image5482.jpg,misc
image444.jpg,misc
image4478.jpg,misc
image10889.jpg,misc
image3289.jpg,misc
image6129.jpg,misc
image631.jpg,misc
image8841.jpg,misc
image8610.jpg,misc
image3951.jpg,misc
image7868.jpg,misc
image2320.jpg,misc
image10591.jpg,misc
image6734.jpg,misc
image8205.jpg,misc
image2870.jpg,misc
image7528.jpg,misc
image2359.jpg,misc
image9372.jpg,misc
image1804.jpg,misc
image10749.jpg,misc
image5862.jpg,misc
image8164.jpg,misc
image6548.jpg,misc
image5111.jpg,misc
image9745.jpg,misc
image4838.jpg,misc
image1540.jpg,misc
image10645.jpg,misc
image7847.jpg,misc
image9782.jpg,misc
image9977.jpg,misc
image10634.jpg,misc
image6498.jpg,misc
image9461.jpg,misc
image7709.jpg,misc
image7127.jpg,misc
image9118.jpg,misc
image6170.jpg,misc
image5245.jpg,misc
image9482.jpg,misc
image7315.jpg,misc
image3491.jpg,misc
image9709.jpg,misc
image2846.jpg,misc
image6733.jpg,misc
image5460.jpg,misc
image4043.jpg,misc
image9533.jpg,misc
image8824.jpg,misc
image4861.jpg,misc
image9508.jpg,misc
image1556.jpg,misc
image1049.jpg,misc
image803.jpg,misc
image1087.jpg,misc
image3627.jpg,misc
image8127.jpg,misc
image9577.jpg,misc
image10819.jpg,misc
image10230.jpg,misc
image7740.jpg,misc
image5130.jpg,misc
image7241.jpg,misc
image6336.jpg,misc
image9105.jpg,misc
image9308.jpg,misc
image6470.jpg,misc
image7951.jpg,misc
image4766.jpg,misc
image4742.jpg,misc
image938.jpg,misc
image7296.jpg,misc
image3829.jpg,misc
image3684.jpg,misc
image895.jpg,misc
image226.jpg,misc
image7564.jpg,misc
image10074.jpg,misc
image40.jpg,misc
image8737.jpg,misc
image3243.jpg,misc
image1553.jpg,misc
image5822.jpg,misc
image9271.jpg,misc
image488.jpg,misc
image10752.jpg,misc
image2873.jpg,misc
image3989.jpg,misc
image2133.jpg,misc
image9481.jpg,misc
image2243.jpg,misc
image1243.jpg,misc
image4775.jpg,misc
image8600.jpg,misc
image10416.jpg,misc
image710.jpg,misc
image665.jpg,misc
image10772.jpg,misc
image10804.jpg,misc
image4819.jpg,misc
image6352.jpg,misc
image7509.jpg,misc
image1035.jpg,misc
image6520.jpg,misc
image3094.jpg,misc
image1523.jpg,misc
image7944.jpg,misc
image10867.jpg,Decorationandsignage
image1874.jpg,misc
image5399.jpg,misc
image8156.jpg,misc
image5854.jpg,misc
image4342.jpg,misc
image4220.jpg,misc
image10457.jpg,misc
image4401.jpg,misc
image107.jpg,misc
image6622.jpg,misc
image2423.jpg,misc
image3511.jpg,misc
image1525.jpg,misc
image9661.jpg,misc
image4468.jpg,misc
image10261.jpg,misc
image5324.jpg,misc
image6419.jpg,misc
image4924.jpg,misc
image1618.jpg,misc
image10065.jpg,misc
image1359.jpg,misc
image8763.jpg,misc
image10040.jpg,misc
image6163.jpg,misc
image8538.jpg,misc
image5654.jpg,Decorationandsignage
image6260.jpg,misc
image705.jpg,misc
image3615.jpg,misc
image5427.jpg,misc
image1362.jpg,misc
image10746.jpg,misc
image6833.jpg,misc
image4008.jpg,misc
image9729.jpg,misc
image2154.jpg,misc
image10697.jpg,misc
image1267.jpg,misc
image2129.jpg,misc
image7658.jpg,misc
image4867.jpg,misc
image10835.jpg,misc
image2884.jpg,misc
image9686.jpg,misc
image10376.jpg,misc
image4225.jpg,misc
image7995.jpg,misc
image5227.jpg,misc
image10737.jpg,misc
image8760.jpg,misc
image176.jpg,misc
image6094.jpg,misc
image2137.jpg,misc
image411.jpg,misc
image6153.jpg,misc
image8782.jpg,misc
image10064.jpg,misc
image2425.jpg,misc
image956.jpg,misc
image394.jpg,misc
image3234.jpg,misc
image9351.jpg,misc
image1846.jpg,misc
image8517.jpg,misc
image6871.jpg,misc
image1236.jpg,misc
image3668.jpg,misc
image8282.jpg,misc
image3353.jpg,misc
image7540.jpg,misc
image7536.jpg,misc
image3055.jpg,misc
image8874.jpg,misc
image130.jpg,misc
image4412.jpg,misc
image3830.jpg,misc
image5634.jpg,misc
image9853.jpg,misc
image8204.jpg,misc
image6998.jpg,misc
image7927.jpg,misc
image5152.jpg,misc
image9553.jpg,misc
image10388.jpg,misc
image10670.jpg,misc
image6193.jpg,misc
image5097.jpg,misc
image8653.jpg,misc
image154.jpg,misc
image9889.jpg,misc
image2058.jpg,misc
image9867.jpg,misc
image10447.jpg,misc
image5045.jpg,misc
image4253.jpg,misc
image8530.jpg,misc
image2875.jpg,misc
image8967.jpg,misc
image3196.jpg,misc
image10079.jpg,misc
image3975.jpg,misc
image6631.jpg,misc
image6016.jpg,misc
image6791.jpg,misc
image7888.jpg,misc
image4807.jpg,misc
image3777.jpg,misc
image4712.jpg,misc
image10520.jpg,misc
image2977.jpg,misc
image7083.jpg,misc
image9343.jpg,misc
image6979.jpg,misc
image386.jpg,misc
image5486.jpg,misc
image5361.jpg,misc
image8730.jpg,misc
image3023.jpg,misc
image8584.jpg,misc
image3246.jpg,misc
image878.jpg,misc
image10105.jpg,misc
image6619.jpg,misc
image4382.jpg,misc
image7903.jpg,misc
image9589.jpg,misc
image3961.jpg,misc
image7659.jpg,misc
image4639.jpg,misc
image152.jpg,misc
image9790.jpg,misc
image2354.jpg,misc
image8652.jpg,misc
image5124.jpg,misc
image8656.jpg,misc
image589.jpg,misc
image9866.jpg,misc
image9495.jpg,misc
image9966.jpg,misc
image5682.jpg,misc
image8169.jpg,misc
image7768.jpg,misc
image10099.jpg,misc
image1516.jpg,misc
image7198.jpg,misc
image1791.jpg,misc
image1346.jpg,misc
image4073.jpg,misc
image10682.jpg,Decorationandsignage
image22.jpg,misc
image2317.jpg,misc
image3173.jpg,misc
image8998.jpg,misc
image4183.jpg,misc
image6984.jpg,misc
image7667.jpg,misc
image6014.jpg,misc
image2956.jpg,misc
image2216.jpg,misc
image5364.jpg,misc
image4212.jpg,misc
image8604.jpg,misc
image6920.jpg,misc
image5813.jpg,misc
image2953.jpg,misc
image8358.jpg,misc
image3527.jpg,misc
image2325.jpg,misc
image8245.jpg,misc
image1856.jpg,misc
image10406.jpg,misc
image3015.jpg,misc
image10451.jpg,misc
image7163.jpg,misc
image1565.jpg,misc
image2509.jpg,misc
image3279.jpg,misc
image1103.jpg,misc
image6759.jpg,misc
image3153.jpg,misc
image7965.jpg,misc
image8039.jpg,misc
image9120.jpg,misc
image5264.jpg,misc
image8462.jpg,misc
image2344.jpg,misc
image3766.jpg,misc
image4567.jpg,misc
image10654.jpg,Decorationandsignage
image3896.jpg,misc
image9349.jpg,misc
image905.jpg,misc
image3431.jpg,misc
image6929.jpg,misc
image7400.jpg,misc
image10394.jpg,Decorationandsignage
image7663.jpg,misc
image7199.jpg,misc
image10194.jpg,misc
image7604.jpg,misc
image4205.jpg,misc
image2400.jpg,misc
image8397.jpg,misc
image10200.jpg,misc
image8566.jpg,misc
image6508.jpg,misc
image2722.jpg,misc
image1962.jpg,misc
image1629.jpg,misc
image10421.jpg,misc
image3423.jpg,misc
image7482.jpg,misc
image8299.jpg,misc
image8003.jpg,misc
image4093.jpg,misc
image459.jpg,misc
image9542.jpg,misc
image4506.jpg,misc
image5772.jpg,misc
image4445.jpg,misc
image1223.jpg,misc
image364.jpg,misc
image9549.jpg,misc
image6185.jpg,misc
image9261.jpg,misc
image6039.jpg,misc
image1013.jpg,misc
image8865.jpg,misc
image10860.jpg,misc
image8708.jpg,misc
image7895.jpg,misc
image10497.jpg,misc
image7118.jpg,misc
image7826.jpg,misc
image5135.jpg,misc
image3574.jpg,misc
image9037.jpg,misc
image4134.jpg,misc
image7649.jpg,misc
image7693.jpg,misc
image9575.jpg,misc
image4231.jpg,misc
image2518.jpg,misc
image5926.jpg,misc
image6272.jpg,misc
image10076.jpg,misc
image4173.jpg,misc
image9333.jpg,misc
image9119.jpg,misc
image3368.jpg,misc
image8482.jpg,misc
image2619.jpg,misc
image5839.jpg,misc
image6230.jpg,misc
image10618.jpg,misc
image5407.jpg,misc
image9858.jpg,misc
image7040.jpg,misc
image7805.jpg,misc
image10604.jpg,misc
image6618.jpg,misc
image10529.jpg,misc
image156.jpg,misc
image8758.jpg,misc
image2548.jpg,misc
image255.jpg,misc
image10452.jpg,misc
image9518.jpg,misc
image3320.jpg,misc
image241.jpg,misc
image8838.jpg,misc
image4431.jpg,misc
image3411.jpg,misc
image5728.jpg,misc
image209.jpg,misc
image4223.jpg,misc
image8220.jpg,misc
image6855.jpg,misc
image5674.jpg,misc
image5627.jpg,misc
image5425.jpg,misc
image2479.jpg,misc
image9811.jpg,misc
image7499.jpg,misc
image1490.jpg,misc
image4913.jpg,misc
image5420.jpg,misc
image6608.jpg,misc
image2690.jpg,misc
image4250.jpg,misc
image9724.jpg,misc
image6744.jpg,misc
image8956.jpg,misc
image3721.jpg,misc
image6684.jpg,misc
image6493.jpg,misc
image10764.jpg,misc
image8700.jpg,misc
image9999.jpg,misc
image4303.jpg,misc
image3278.jpg,misc
image9721.jpg,misc
image808.jpg,misc
image6294.jpg,misc
image4597.jpg,misc
image564.jpg,misc
image6792.jpg,misc
image4781.jpg,misc
image6526.jpg,misc
image4340.jpg,misc
image3561.jpg,misc
image3058.jpg,misc
image10062.jpg,misc
image4034.jpg,misc
image6095.jpg,misc
image8629.jpg,misc
image2130.jpg,misc
image1492.jpg,misc
image5677.jpg,misc
image6784.jpg,misc
image2368.jpg,misc
image7699.jpg,misc
image6793.jpg,misc
image5143.jpg,misc
image9049.jpg,misc
image2919.jpg,misc
image5299.jpg,misc
image9036.jpg,misc
image10051.jpg,misc
image5596.jpg,misc
image3734.jpg,misc
image3329.jpg,Decorationandsignage
image1788.jpg,Decorationandsignage
image5577.jpg,misc
image10249.jpg,misc
image10505.jpg,misc
image1478.jpg,misc
image3720.jpg,misc
image2665.jpg,misc
image6083.jpg,misc
image6877.jpg,misc
image1077.jpg,misc
image5041.jpg,misc
image10624.jpg,misc
image7808.jpg,misc
image5123.jpg,misc
image4625.jpg,misc
image1822.jpg,misc
image3150.jpg,misc
image9269.jpg,misc
image1576.jpg,misc
image1250.jpg,misc
image4152.jpg,misc
image4547.jpg,misc
image4900.jpg,misc
image9547.jpg,misc
image132.jpg,misc
image4038.jpg,misc
image10671.jpg,misc
image2544.jpg,misc
image2814.jpg,misc
image1644.jpg,misc
image5411.jpg,misc
image5107.jpg,misc
image4654.jpg,misc
image7957.jpg,misc
image323.jpg,Decorationandsignage
image7029.jpg,misc
image4704.jpg,misc
image4323.jpg,misc
image7892.jpg,misc
image7631.jpg,misc
image8110.jpg,misc
image10524.jpg,misc
image4863.jpg,misc
image6789.jpg,misc
image5084.jpg,misc
image8094.jpg,misc
image4475.jpg,misc
image5555.jpg,misc
image9127.jpg,misc
image7485.jpg,misc
image7685.jpg,misc
image5171.jpg,misc
image3964.jpg,misc
image4381.jpg,misc
image6702.jpg,misc
image4596.jpg,misc
image6212.jpg,misc
image4160.jpg,misc
image5169.jpg,misc
image10050.jpg,misc
image7989.jpg,misc
image8864.jpg,misc
image10379.jpg,misc
image6423.jpg,misc
image8017.jpg,misc
image5250.jpg,misc
image9448.jpg,misc
image1993.jpg,misc
image9183.jpg,misc
image8790.jpg,misc
image7646.jpg,misc
image3661.jpg,misc
image2430.jpg,misc
image6267.jpg,misc
image9780.jpg,misc
image1552.jpg,misc
image10643.jpg,misc
image3494.jpg,misc
image4782.jpg,misc
image8327.jpg,misc
image7793.jpg,misc
image4986.jpg,misc
image951.jpg,misc
image2634.jpg,misc
image5876.jpg,misc
image2096.jpg,misc
image5030.jpg,misc
image3228.jpg,misc
image9341.jpg,misc
image4767.jpg,misc
image2333.jpg,misc
image3560.jpg,misc
image9462.jpg,misc
image8800.jpg,misc
image9881.jpg,misc
image5271.jpg,misc
image2467.jpg,misc
image6020.jpg,misc
image3652.jpg,misc
image3270.jpg,misc
image9029.jpg,misc
image689.jpg,misc
image9989.jpg,misc
image2280.jpg,misc
image6513.jpg,misc
image8988.jpg,misc
image3388.jpg,misc
image6666.jpg,misc
image9193.jpg,misc
image7154.jpg,misc
image4135.jpg,misc
image846.jpg,misc
image10590.jpg,misc
image3895.jpg,misc
image8427.jpg,misc
image5541.jpg,misc
image10407.jpg,misc
image7403.jpg,misc
image3014.jpg,misc
image7791.jpg,misc
image4640.jpg,misc
image6079.jpg,misc
image5737.jpg,misc
image8490.jpg,misc
image6009.jpg,misc
image10246.jpg,misc
image2281.jpg,misc
image6138.jpg,misc
image10340.jpg,misc
image8342.jpg,misc
image8422.jpg,misc
image2989.jpg,misc
image9767.jpg,misc
image10300.jpg,misc
image8468.jpg,misc
image2278.jpg,misc
image10760.jpg,misc
image7289.jpg,misc
image8333.jpg,misc
image1449.jpg,misc
image1985.jpg,misc
image10319.jpg,misc
image3872.jpg,misc
image1768.jpg,misc
image4906.jpg,misc
image1815.jpg,misc
image6890.jpg,misc
image3216.jpg,misc
image6858.jpg,misc
image3239.jpg,misc
image9774.jpg,misc
image5729.jpg,misc
image953.jpg,misc
image5433.jpg,misc
image3864.jpg,misc
image1775.jpg,misc
image1306.jpg,misc
image9806.jpg,misc
image2772.jpg,misc
image9175.jpg,misc
image1477.jpg,misc
image10102.jpg,misc
image6880.jpg,misc
image10537.jpg,misc
image8660.jpg,misc
image9791.jpg,misc
image4440.jpg,misc
image6232.jpg,misc
image3092.jpg,misc
image8087.jpg,misc
image490.jpg,misc
image10103.jpg,misc
image6903.jpg,misc
image5927.jpg,misc
image10001.jpg,misc
image6510.jpg,misc
image8930.jpg,misc
image548.jpg,misc
image10252.jpg,misc
image9407.jpg,misc
image7420.jpg,misc
image8016.jpg,misc
image6142.jpg,misc
image7195.jpg,misc
image7208.jpg,misc
image1050.jpg,misc
image5177.jpg,misc
image9923.jpg,misc
image759.jpg,misc
image5149.jpg,misc
image5648.jpg,misc
image7399.jpg,misc
image5969.jpg,misc
image9436.jpg,misc
image10871.jpg,misc
image6762.jpg,misc
image10622.jpg,misc
image3867.jpg,misc
image8785.jpg,misc
image1118.jpg,misc
image2507.jpg,misc
image8267.jpg,misc
image3176.jpg,misc
image964.jpg,misc
image1662.jpg,misc
image9004.jpg,misc
image3086.jpg,misc
image1943.jpg,misc
image2995.jpg,misc
image6807.jpg,misc
image3776.jpg,misc
image3429.jpg,misc
image10846.jpg,misc
image7873.jpg,misc
image2834.jpg,misc
image3426.jpg,misc
image2653.jpg,misc
image1650.jpg,misc
image7437.jpg,misc
image1054.jpg,misc
image4373.jpg,misc
image8090.jpg,misc
image6912.jpg,misc
image7516.jpg,misc
image10725.jpg,misc
image1391.jpg,misc
image5476.jpg,misc
image1886.jpg,misc
image10324.jpg,misc
image6864.jpg,misc
image6671.jpg,misc
image5880.jpg,misc
image7752.jpg,misc
image7736.jpg,misc
image197.jpg,misc
image4330.jpg,misc
image10721.jpg,misc
image8525.jpg,misc
image8572.jpg,misc
image8136.jpg,misc
image7193.jpg,misc
image2217.jpg,misc
image5181.jpg,Decorationandsignage
image10740.jpg,misc
image452.jpg,misc
image8027.jpg,misc
image10607.jpg,misc
image4666.jpg,misc
image1342.jpg,misc
image6124.jpg,misc
image7992.jpg,misc
image636.jpg,misc
image10370.jpg,misc
image5182.jpg,misc
image6613.jpg,misc
image9805.jpg,misc
image4063.jpg,misc
image7963.jpg,misc
image4100.jpg,misc
image2960.jpg,misc
image10461.jpg,misc
image7812.jpg,misc
image4054.jpg,misc
image6820.jpg,misc
image8917.jpg,misc
image3798.jpg,misc
image7440.jpg,misc
image6278.jpg,misc
image8053.jpg,misc
image4772.jpg,misc
image7287.jpg,misc
image10146.jpg,misc
image8625.jpg,misc
image10082.jpg,misc
image8439.jpg,misc
image9562.jpg,misc
image6517.jpg,misc
image5272.jpg,misc
image5638.jpg,Decorationandsignage
image314.jpg,misc
image8827.jpg,misc
image2220.jpg,misc
image8201.jpg,misc
image10049.jpg,Decorationandsignage
image4057.jpg,Decorationandsignage
image1897.jpg,misc
image1079.jpg,misc
image10302.jpg,misc
image2118.jpg,misc
image7417.jpg,misc
image9808.jpg,misc
image8086.jpg,misc
image5310.jpg,misc
image6629.jpg,misc
image3192.jpg,misc
image7599.jpg,misc
image6614.jpg,misc
image8175.jpg,misc
image7295.jpg,misc
image2815.jpg,Decorationandsignage
image4181.jpg,misc
image8723.jpg,misc
image4456.jpg,misc
image10789.jpg,misc
image1248.jpg,misc
image10541.jpg,misc
image9753.jpg,misc
image10426.jpg,misc
image743.jpg,misc
image6239.jpg,misc
image3112.jpg,misc
image9936.jpg,misc
image4800.jpg,misc
image6521.jpg,misc
image9599.jpg,misc
image9885.jpg,misc
image10474.jpg,misc
image2510.jpg,misc
image4853.jpg,misc
image8059.jpg,misc
image7431.jpg,misc
image4919.jpg,misc
image6992.jpg,misc
image2497.jpg,misc
image5935.jpg,misc
image712.jpg,misc
image518.jpg,misc
image4851.jpg,misc
image10648.jpg,misc
image5198.jpg,misc
image7886.jpg,misc
image5246.jpg,misc
image8612.jpg,misc
image1466.jpg,misc
image1258.jpg,misc
image5637.jpg,misc
image6048.jpg,misc
image9090.jpg,misc
image10183.jpg,misc
image1580.jpg,misc
image10420.jpg,misc
image9097.jpg,misc
image9524.jpg,misc
image7416.jpg,misc
image3272.jpg,misc
image2493.jpg,misc
image9719.jpg,misc
image8690.jpg,misc
image4677.jpg,misc
image7355.jpg,misc
image3463.jpg,misc
image10755.jpg,misc
image10718.jpg,misc
image10616.jpg,misc
image568.jpg,misc
image4019.jpg,misc
image1238.jpg,misc
image4264.jpg,misc
image6398.jpg,misc
image4907.jpg,misc
image6428.jpg,misc
image1591.jpg,misc
image3812.jpg,misc
image10695.jpg,misc
image3724.jpg,misc
image4752.jpg,misc
image8885.jpg,misc
image10354.jpg,misc
image10617.jpg,misc
image3859.jpg,misc
image8251.jpg,misc
image8981.jpg,misc
image503.jpg,misc
image10014.jpg,misc
image8328.jpg,misc
image8607.jpg,misc
image9683.jpg,misc
image2442.jpg,misc
image7572.jpg,misc
image117.jpg,misc
image8101.jpg,misc
image9224.jpg,misc
image6972.jpg,misc
image8537.jpg,misc
image6691.jpg,misc
image10731.jpg,misc
image2376.jpg,misc
image4972.jpg,misc
image9432.jpg,misc
image6810.jpg,misc
image9517.jpg,misc
image8452.jpg,misc
image5787.jpg,misc
image8577.jpg,misc
image5417.jpg,misc
image5249.jpg,misc
image1990.jpg,misc
image5279.jpg,misc
image3079.jpg,misc
image8765.jpg,misc
image3387.jpg,misc
image3481.jpg,misc
image3565.jpg,misc
image6456.jpg,misc
image6654.jpg,misc
image3739.jpg,misc
image9283.jpg,misc
image6958.jpg,misc
image5591.jpg,misc
image1262.jpg,misc
image8500.jpg,misc
image6647.jpg,misc
image5612.jpg,Decorationandsignage
image5900.jpg,misc
image375.jpg,misc
image5157.jpg,misc
image10207.jpg,misc
image5082.jpg,misc
image3427.jpg,misc
image5099.jpg,misc
image6465.jpg,misc
image10031.jpg,misc
image9005.jpg,misc
image8362.jpg,misc
image2579.jpg,misc
image2700.jpg,misc
image4890.jpg,Decorationandsignage
image6221.jpg,misc
image3391.jpg,misc
image4123.jpg,misc
image54.jpg,misc
image2363.jpg,misc
image5713.jpg,misc
image4532.jpg,misc
image3945.jpg,misc
image5799.jpg,misc
image4627.jpg,misc
image303.jpg,misc
image9788.jpg,misc
image10275.jpg,misc
image4769.jpg,misc
image8784.jpg,misc
image1855.jpg,misc
image7782.jpg,misc
image10163.jpg,misc
image7588.jpg,misc
image8202.jpg,misc
image8715.jpg,misc
image8233.jpg,misc
image6516.jpg,misc
image832.jpg,misc
image995.jpg,misc
image5432.jpg,misc
image9478.jpg,misc
image9755.jpg,misc
image6224.jpg,misc
image7765.jpg,misc
image3377.jpg,misc
image7606.jpg,misc
image4268.jpg,misc
image7170.jpg,misc
image2039.jpg,misc
image7386.jpg,misc
image1111.jpg,misc
image8317.jpg,misc
image10052.jpg,misc
image3562.jpg,misc
image6322.jpg,misc
image6578.jpg,misc
image6859.jpg,misc
image6482.jpg,misc
image2850.jpg,misc
image7943.jpg,misc
image9202.jpg,misc
image8054.jpg,misc
image2983.jpg,misc
image5382.jpg,misc
image9743.jpg,misc
image4736.jpg,Decorationandsignage
image4719.jpg,misc
image5189.jpg,misc
image7000.jpg,misc
image4040.jpg,misc
image4363.jpg,misc
image2256.jpg,misc
image4917.jpg,misc
image4911.jpg,misc
image2504.jpg,misc
image502.jpg,misc
image9659.jpg,misc
image7803.jpg,misc
image9058.jpg,misc
image3354.jpg,misc
image4169.jpg,misc
image4854.jpg,misc
image8419.jpg,misc
image9280.jpg,misc
image3496.jpg,misc
image7436.jpg,misc
image6562.jpg,misc
image1496.jpg,misc
image8257.jpg,misc
image9698.jpg,misc
image9864.jpg,misc
image1181.jpg,misc
image8311.jpg,misc
image5424.jpg,misc
image9113.jpg,misc
image4939.jpg,misc
image5003.jpg,misc
image8968.jpg,misc
image6640.jpg,misc
image5970.jpg,misc
image1195.jpg,misc
image244.jpg,misc
image7954.jpg,misc
image5587.jpg,misc
image4299.jpg,misc
image658.jpg,misc
image9467.jpg,misc
image9772.jpg,misc
image8067.jpg,misc
image7996.jpg,misc
image965.jpg,misc
image7821.jpg,misc
image7511.jpg,misc
image3839.jpg,misc
image563.jpg,misc
image8603.jpg,misc
image7430.jpg,misc
image10484.jpg,misc
image6068.jpg,misc
image4692.jpg,misc
image8271.jpg,misc
image8957.jpg,misc
image6488.jpg,misc
image5015.jpg,misc
image6854.jpg,misc
image6350.jpg,misc
image8622.jpg,misc
image7157.jpg,misc
image8641.jpg,misc
image2934.jpg,misc
image10632.jpg,misc
image1356.jpg,misc
image4678.jpg,misc
image4274.jpg,misc
image109.jpg,misc
image8803.jpg,misc
image8381.jpg,misc
image5770.jpg,misc
image9862.jpg,misc
image3970.jpg,misc
image5150.jpg,misc
image8347.jpg,misc
image6994.jpg,misc
image4732.jpg,misc
image5579.jpg,misc
image6969.jpg,misc
image10222.jpg,misc
image2052.jpg,misc
image8428.jpg,misc
image75.jpg,misc
image10094.jpg,misc
image5565.jpg,misc
image7414.jpg,misc
image2682.jpg,misc
image4884.jpg,misc
image5641.jpg,misc
image8775.jpg,misc
image10586.jpg,misc
image9639.jpg,misc
image10558.jpg,misc
image4682.jpg,misc
image3245.jpg,misc
image9177.jpg,misc
image6097.jpg,misc
image2365.jpg,misc
image2974.jpg,misc
image7640.jpg,misc
image4699.jpg,misc
image3097.jpg,misc
image9604.jpg,misc
image10397.jpg,misc
image5538.jpg,misc
image6246.jpg,misc
image4259.jpg,misc
image480.jpg,misc
image8055.jpg,misc
image9250.jpg,misc
image4846.jpg,misc
image339.jpg,misc
image3740.jpg,misc
image1480.jpg,misc
image1209.jpg,misc
image8239.jpg,misc
image4949.jpg,misc
image4564.jpg,misc
image1429.jpg,misc
image8300.jpg,misc
image6019.jpg,misc
image5605.jpg,misc
image9422.jpg,misc
image4293.jpg,misc
image3136.jpg,misc
image5511.jpg,misc
image10056.jpg,misc
image7117.jpg,misc
image63.jpg,misc
image423.jpg,misc
image7753.jpg,misc
image5858.jpg,misc
image9920.jpg,misc
image5295.jpg,misc
image2511.jpg,misc
image5038.jpg,misc
image461.jpg,misc
image3575.jpg,misc
image10098.jpg,misc
image10519.jpg,misc
image9665.jpg,misc
image10157.jpg,misc
image8912.jpg,misc
image10650.jpg,misc
image1695.jpg,Decorationandsignage
image7519.jpg,misc
image7026.jpg,misc
image9145.jpg,misc
image6286.jpg,Decorationandsignage
image6006.jpg,misc
image10579.jpg,misc
image994.jpg,misc
image1303.jpg,misc
image5706.jpg,misc
image6512.jpg,misc
image5475.jpg,misc
image3211.jpg,misc
image5868.jpg,misc
image6985.jpg,misc
image8764.jpg,misc
image4903.jpg,misc
image175.jpg,misc
image5283.jpg,misc
image5668.jpg,misc
image9551.jpg,misc
image10813.jpg,misc
image7294.jpg,Decorationandsignage
image6672.jpg,misc
image6818.jpg,misc
image10837.jpg,misc
image8373.jpg,misc
image6347.jpg,misc
image5077.jpg,misc
image122.jpg,misc
image3425.jpg,misc
image4127.jpg,misc
image4585.jpg,misc
image6591.jpg,misc
image6648.jpg,misc
image4886.jpg,misc
image7222.jpg,misc
image8506.jpg,misc
image6483.jpg,misc
image3362.jpg,misc
image1215.jpg,misc
image8650.jpg,misc
image4017.jpg,misc
image722.jpg,misc
image4955.jpg,misc
image9206.jpg,misc
image4546.jpg,misc
image9975.jpg,misc
image2774.jpg,Decorationandsignage
image8070.jpg,misc
image9480.jpg,misc
image4355.jpg,misc
image9207.jpg,misc
image1692.jpg,misc
image5335.jpg,misc
image7548.jpg,misc
image10459.jpg,misc
image8277.jpg,misc
image5732.jpg,misc
image4805.jpg,misc
image4460.jpg,misc
image3356.jpg,misc
image5873.jpg,misc
image10653.jpg,misc
image5872.jpg,misc
image2708.jpg,misc
image7141.jpg,misc
image6200.jpg,misc
image7110.jpg,Decorationandsignage
image9759.jpg,misc
image1813.jpg,misc
image6353.jpg,misc
image484.jpg,misc
image7537.jpg,misc
image2238.jpg,misc
image2297.jpg,misc
image4421.jpg,misc
image3765.jpg,misc
image5008.jpg,Decorationandsignage
image10077.jpg,misc
image9069.jpg,misc
image9273.jpg,misc
image7135.jpg,misc
image1206.jpg,misc
image5236.jpg,misc
image10832.jpg,misc
image3554.jpg,misc
image10637.jpg,misc
image5470.jpg,misc
image6443.jpg,misc
image1948.jpg,misc
image3897.jpg,misc
image5692.jpg,misc
image4970.jpg,misc
image7597.jpg,misc
image2194.jpg,misc
image9576.jpg,misc
image8761.jpg,misc
image7081.jpg,misc
image6330.jpg,misc
image5704.jpg,misc
image9234.jpg,misc
image9647.jpg,misc
image9107.jpg,misc
image1098.jpg,misc
image5330.jpg,misc
image2159.jpg,misc
image7105.jpg,misc
image365.jpg,misc
image7160.jpg,misc
image8465.jpg,misc
image4125.jpg,misc
image6556.jpg,misc
image9458.jpg,misc
image6148.jpg,misc
image10521.jpg,misc
image1938.jpg,misc
image4601.jpg,misc
image721.jpg,misc
image7060.jpg,misc
image4252.jpg,misc
image3871.jpg,misc
image6495.jpg,misc
image7862.jpg,misc
image4929.jpg,misc
image6271.jpg,misc
image297.jpg,misc
image10444.jpg,misc
image6120.jpg,misc
image6491.jpg,misc
image6927.jpg,misc
image837.jpg,misc
image8938.jpg,misc
image6165.jpg,misc
image2155.jpg,misc
image552.jpg,misc
image4059.jpg,misc
image5672.jpg,misc
image4510.jpg,misc
image8901.jpg,misc
image10456.jpg,misc
image7301.jpg,misc
image7717.jpg,misc
image4821.jpg,misc
image409.jpg,misc
image6201.jpg,misc
image9143.jpg,misc
image3813.jpg,misc
image4675.jpg,misc
image3538.jpg,misc
image1124.jpg,misc
image10044.jpg,misc
image8667.jpg,misc
image914.jpg,misc
image9334.jpg,misc
image133.jpg,misc
image8941.jpg,misc
image6706.jpg,misc
image10039.jpg,misc
image8952.jpg,misc
image5421.jpg,misc
image4459.jpg,misc
image9199.jpg,misc
image1333.jpg,misc
image6111.jpg,misc
image7380.jpg,misc
image8772.jpg,misc
image5326.jpg,misc
image10417.jpg,misc
image5835.jpg,misc
image494.jpg,misc
image7761.jpg,misc
image7255.jpg,misc
image5455.jpg,misc
image8543.jpg,misc
image8030.jpg,misc
image2608.jpg,misc
image1573.jpg,misc
image1137.jpg,misc
image871.jpg,misc
image1665.jpg,misc
image926.jpg,misc
image1074.jpg,misc
image284.jpg,misc
image8573.jpg,misc
image1570.jpg,misc
image4901.jpg,misc
image6511.jpg,misc
image7143.jpg,misc
image8241.jpg,misc
image403.jpg,misc
image1927.jpg,misc
image9332.jpg,misc
image6379.jpg,misc
image7442.jpg,misc
image8965.jpg,misc
image2064.jpg,misc
image5325.jpg,misc
image3922.jpg,misc
image8828.jpg,misc
image10829.jpg,misc
image10240.jpg,misc
image9242.jpg,misc
image4746.jpg,misc
image8269.jpg,misc
image4583.jpg,misc
image239.jpg,misc
image8115.jpg,misc
image10093.jpg,misc
image10877.jpg,misc
image3340.jpg,misc
image7460.jpg,misc
image9876.jpg,misc
image7325.jpg,misc
image4147.jpg,misc
image3939.jpg,misc
image2207.jpg,misc
image4387.jpg,misc
image1092.jpg,misc
image9760.jpg,misc
image8739.jpg,misc
image4835.jpg,misc
image4804.jpg,misc
image9064.jpg,misc
image5574.jpg,misc
image10206.jpg,Decorationandsignage
image7952.jpg,misc
image6187.jpg,misc
image8493.jpg,misc
image3235.jpg,misc
image10876.jpg,misc
image5467.jpg,misc
image10613.jpg,misc
image5932.jpg,misc
image7872.jpg,misc
image3025.jpg,misc
image8064.jpg,misc
image3348.jpg,misc
image1452.jpg,misc
image2237.jpg,misc
image252.jpg,misc
image3417.jpg,misc
image10250.jpg,misc
image4590.jpg,misc
image8503.jpg,misc
image6065.jpg,Decorationandsignage
image7501.jpg,misc
image9783.jpg,misc
image1259.jpg,misc
image8947.jpg,misc
image10430.jpg,misc
image7318.jpg,misc
image7411.jpg,misc
image8794.jpg,misc
image6822.jpg,misc
image6033.jpg,misc
image4837.jpg,misc
image10271.jpg,misc
image9829.jpg,misc
image4362.jpg,misc
image76.jpg,misc
image7129.jpg,misc
image5765.jpg,misc
image5398.jpg,misc
image10170.jpg,misc
image6269.jpg,misc
image7534.jpg,misc
image9744.jpg,misc
image7098.jpg,misc
image9915.jpg,misc
image9089.jpg,misc
image5691.jpg,misc
image6297.jpg,misc
image4477.jpg,misc
image4013.jpg,misc
image5520.jpg,misc
image3529.jpg,misc
image6067.jpg,misc
image1198.jpg,misc
image3081.jpg,misc
image9347.jpg,misc
image8831.jpg,Decorationandsignage
image6026.jpg,misc
image6925.jpg,misc
image10084.jpg,misc
image6558.jpg,misc
image7672.jpg,misc
image1534.jpg,misc
image1471.jpg,misc
image7512.jpg,misc
image9612.jpg,misc
image6729.jpg,misc
image4067.jpg,misc
image3738.jpg,misc
image1774.jpg,misc
image5673.jpg,misc
image8276.jpg,misc
image2984.jpg,misc
image770.jpg,misc
image7344.jpg,misc
image8102.jpg,misc
image7850.jpg,misc
image989.jpg,misc
image6758.jpg,misc
image7934.jpg,misc
image7220.jpg,misc
image4010.jpg,misc
image5488.jpg,misc
image7275.jpg,misc
image10831.jpg,misc
image4325.jpg,misc
image2323.jpg,misc
image10664.jpg,misc
image8149.jpg,misc
image8478.jpg,misc
image3326.jpg,misc
image9688.jpg,misc
image5392.jpg,misc
image4607.jpg,misc
image7535.jpg,misc
image9419.jpg,misc
image1721.jpg,misc
image8927.jpg,misc
image6448.jpg,misc
image9770.jpg,misc
image5439.jpg,misc
image5408.jpg,misc
image3642.jpg,misc
image7024.jpg,misc
image2441.jpg,misc
image1915.jpg,misc
image5843.jpg,misc
image4751.jpg,misc
image6109.jpg,misc
image4046.jpg,misc
image818.jpg,misc
image1906.jpg,misc
image4718.jpg,misc
image1624.jpg,misc
image2751.jpg,misc
image2550.jpg,Decorationandsignage
image6579.jpg,misc
image9490.jpg,misc
image371.jpg,misc
image7068.jpg,misc
image10567.jpg,misc
image347.jpg,misc
image9792.jpg,misc
image6210.jpg,misc
image6207.jpg,misc
image4214.jpg,misc
image4151.jpg,misc
image1756.jpg,misc
image7916.jpg,misc
image2242.jpg,misc
image1558.jpg,misc
image8740.jpg,misc
image2621.jpg,misc
image7860.jpg,misc
image4771.jpg,misc
image1696.jpg,misc
image3586.jpg,misc
image4053.jpg,misc
image6690.jpg,misc
image4721.jpg,misc
image7048.jpg,misc
image9928.jpg,misc
image6636.jpg,misc
image7283.jpg,misc
image1146.jpg,Decorationandsignage
image6543.jpg,misc
image3709.jpg,misc
image1430.jpg,misc
image8321.jpg,misc
image8165.jpg,misc
image7523.jpg,misc
image10269.jpg,misc
image7738.jpg,misc
image10481.jpg,misc
image7188.jpg,misc
image10598.jpg,misc
image8545.jpg,misc
image2116.jpg,misc
image2833.jpg,misc
image4315.jpg,misc
image8619.jpg,misc
image3147.jpg,misc
image10133.jpg,misc
image6831.jpg,misc
image3117.jpg,misc
image2035.jpg,misc
image5042.jpg,misc
image9802.jpg,misc
image3052.jpg,misc
image4018.jpg,misc
image1562.jpg,misc
image10743.jpg,misc
image6088.jpg,misc
image10765.jpg,misc
image8099.jpg,misc
image7217.jpg,misc
image10542.jpg,Decorationandsignage
image1055.jpg,misc
image6620.jpg,misc
image7549.jpg,misc
image6577.jpg,misc
image2806.jpg,misc
image6507.jpg,misc
image9501.jpg,misc
image4068.jpg,misc
image4487.jpg,misc
image5583.jpg,misc
image8379.jpg,misc
image6288.jpg,misc
image8412.jpg,misc
image5472.jpg,misc
image7352.jpg,misc
image1524.jpg,misc
image979.jpg,misc
image2335.jpg,misc
image3634.jpg,misc
image10662.jpg,misc
image6084.jpg,misc
image7130.jpg,misc
image3359.jpg,misc
image10555.jpg,misc
image4659.jpg,misc
image7281.jpg,misc
image10418.jpg,misc
image4284.jpg,misc
image5311.jpg,misc
image4843.jpg,misc
image9380.jpg,misc
image2337.jpg,misc
image8595.jpg,misc
image2382.jpg,misc
image7212.jpg,misc
image10809.jpg,misc
image1982.jpg,misc
image7977.jpg,misc
image2286.jpg,misc
image7425.jpg,misc
image8183.jpg,misc
image2500.jpg,misc
image2745.jpg,misc
image6900.jpg,misc
image10026.jpg,misc
image10023.jpg,misc
image5242.jpg,misc
image8103.jpg,misc
image8682.jpg,misc
image9587.jpg,misc
image8292.jpg,misc
image6693.jpg,misc
image396.jpg,misc
image2287.jpg,misc
image5451.jpg,misc
image1465.jpg,misc
image1112.jpg,misc
image10761.jpg,misc
image10236.jpg,misc
image9933.jpg,misc
image10628.jpg,misc
image9361.jpg,misc
image7565.jpg,misc
image8676.jpg,misc
image8144.jpg,misc
image2331.jpg,misc
image9393.jpg,misc
image1691.jpg,misc
image4228.jpg,misc
image3122.jpg,misc
image7853.jpg,misc
image8751.jpg,misc
image3675.jpg,misc
image600.jpg,misc
image1320.jpg,misc
image8546.jpg,misc
image7311.jpg,Decorationandsignage
image3127.jpg,misc
image6575.jpg,misc
image3218.jpg,misc
image744.jpg,misc
image10231.jpg,misc
image3409.jpg,misc
image2643.jpg,misc
image2668.jpg,Decorationandsignage
image7328.jpg,misc
image2835.jpg,misc
image3889.jpg,misc
image6074.jpg,misc
image8121.jpg,misc
image1370.jpg,misc
image3865.jpg,misc
image4270.jpg,misc
image2314.jpg,misc
image9278.jpg,misc
image1325.jpg,misc
image8513.jpg,misc
image892.jpg,misc
image7041.jpg,misc
image7377.jpg,misc
image4344.jpg,misc
image4476.jpg,misc
image7801.jpg,misc
image1039.jpg,misc
image4200.jpg,misc
image3441.jpg,misc
image279.jpg,misc
image8120.jpg,misc
image1737.jpg,misc
image2139.jpg,Decorationandsignage
image7248.jpg,misc
image6826.jpg,misc
image723.jpg,misc
image10005.jpg,Decorationandsignage
image2838.jpg,misc
image3814.jpg,misc
image6743.jpg,misc
image10774.jpg,misc
image9256.jpg,misc
image8192.jpg,misc
image4780.jpg,misc
image194.jpg,misc
image2053.jpg,misc
image1773.jpg,misc
image8434.jpg,Decorationandsignage
image6863.jpg,misc
image2794.jpg,misc
image5095.jpg,misc
image5230.jpg,misc
image1673.jpg,misc
image10037.jpg,misc
image5733.jpg,misc
image5842.jpg,misc
image1142.jpg,misc
image10350.jpg,misc
image2729.jpg,misc
image7474.jpg,misc
image10245.jpg,misc
image6040.jpg,misc
image9140.jpg,misc
image725.jpg,misc
image9998.jpg,misc
image10777.jpg,misc
image2387.jpg,misc
image1519.jpg,misc
image153.jpg,misc
image1399.jpg,misc
image7666.jpg,misc
image8966.jpg,misc
image5319.jpg,misc
image2049.jpg,Decorationandsignage
image4557.jpg,misc
image10009.jpg,misc
image9314.jpg,misc
image424.jpg,misc
image5046.jpg,misc
image514.jpg,misc
image8108.jpg,misc
image9121.jpg,misc
image1075.jpg,misc
image5481.jpg,misc
image6528.jpg,misc
image668.jpg,misc
image9696.jpg,misc
image9799.jpg,misc
image3109.jpg,misc
image5671.jpg,misc
image8421.jpg,misc
image9878.jpg,misc
image312.jpg,misc
image4628.jpg,misc
image10518.jpg,misc
image8398.jpg,misc
image5266.jpg,misc
image3551.jpg,misc
image9884.jpg,misc
image2912.jpg,misc
image8527.jpg,misc
image3876.jpg,misc
image4650.jpg,misc
image8994.jpg,misc
image6463.jpg,misc
image3319.jpg,misc
image7106.jpg,misc
image4473.jpg,misc
image493.jpg,misc
image6981.jpg,misc
image2789.jpg,misc
image4892.jpg,misc
image8657.jpg,misc
image6182.jpg,misc
image2659.jpg,misc
image1503.jpg,misc
image9098.jpg,misc
image10330.jpg,misc
image5156.jpg,misc
image10770.jpg,misc
image8291.jpg,misc
image3736.jpg,misc
image8853.jpg,misc
image1840.jpg,misc
image8349.jpg,misc
image10510.jpg,misc
image4674.jpg,misc
image5274.jpg,misc
image8645.jpg,misc
image10501.jpg,misc
image5675.jpg,misc
image6847.jpg,misc
image10124.jpg,misc
image5216.jpg,misc
image4308.jpg,misc
image2575.jpg,misc
image4207.jpg,misc
image2777.jpg,misc
image9220.jpg,misc
image324.jpg,misc
image9942.jpg,misc
image6968.jpg,misc
image4184.jpg,misc
image8551.jpg,misc
image7096.jpg,misc
image819.jpg,misc
image8532.jpg,misc
image2391.jpg,misc
image9972.jpg,misc
image8177.jpg,misc
image8688.jpg,misc
image8473.jpg,misc
image7272.jpg,misc
image1960.jpg,misc
image2142.jpg,misc
image4031.jpg,misc
image10238.jpg,misc
image6130.jpg,misc
image9352.jpg,misc
image4866.jpg,misc
image8593.jpg,misc
image462.jpg,misc
image4156.jpg,misc
image4549.jpg,misc
image3648.jpg,misc
image3550.jpg,misc
image9964.jpg,misc
image2483.jpg,misc
image7371.jpg,misc
image1613.jpg,misc
image7959.jpg,misc
image1625.jpg,misc
image3570.jpg,misc
image9418.jpg,misc
image7132.jpg,misc
image572.jpg,misc
image5761.jpg,misc
image6255.jpg,misc
image1263.jpg,misc
image7421.jpg,misc
image2955.jpg,misc
image8675.jpg,misc
image6670.jpg,misc
image4341.jpg,misc
image6399.jpg,misc
image4680.jpg,misc
image5020.jpg,misc
image3177.jpg,misc
image10024.jpg,misc
image2205.jpg,misc
image7142.jpg,misc
image10027.jpg,misc
image8485.jpg,misc
image2330.jpg,misc
image4337.jpg,misc
image10874.jpg,misc
image9219.jpg,misc
image5849.jpg,misc
image4889.jpg,misc
image10364.jpg,misc
image9824.jpg,misc
image6213.jpg,misc
image10429.jpg,misc
image9453.jpg,misc
image9411.jpg,misc
image9020.jpg,misc
image7827.jpg,misc
image9405.jpg,misc
image9961.jpg,misc
image335.jpg,misc
image8174.jpg,misc
image4848.jpg,misc
image8733.jpg,misc
image367.jpg,misc
image7015.jpg,misc
image9181.jpg,misc
image8199.jpg,misc
image3057.jpg,misc
image923.jpg,misc
image1716.jpg,misc
image10411.jpg,misc
image8725.jpg,misc
image7559.jpg,misc
image4717.jpg,misc
image4910.jpg,misc
image8921.jpg,misc
image4399.jpg,misc
image1245.jpg,misc
image9437.jpg,misc
image2601.jpg,misc
image4074.jpg,misc
image7772.jpg,misc
image5443.jpg,misc
image8150.jpg,misc
image1123.jpg,misc
image5048.jpg,misc
image10748.jpg,misc
image9978.jpg,misc
image5315.jpg,misc
image10552.jpg,misc
image7495.jpg,misc
image1653.jpg,misc
image6025.jpg,misc
image5500.jpg,misc
image6536.jpg,misc
image5533.jpg,misc
image7445.jpg,misc
image10827.jpg,misc
image6231.jpg,misc
image4334.jpg,misc
image9712.jpg,misc
image5588.jpg,misc
image215.jpg,misc
image2896.jpg,misc
image3480.jpg,misc
image10825.jpg,misc
image5316.jpg,misc
image1752.jpg,misc
image2461.jpg,misc
image1203.jpg,misc
image5949.jpg,misc
image1674.jpg,misc
image10169.jpg,misc
image9408.jpg,misc
image968.jpg,misc
image9509.jpg,misc
image6815.jpg,misc
image7408.jpg,misc
image5165.jpg,misc
image7825.jpg,Decorationandsignage
image2145.jpg,misc
image1828.jpg,misc
image3305.jpg,misc
image8812.jpg,misc
image1984.jpg,misc
image1602.jpg,misc
image6071.jpg,misc
image458.jpg,misc
image1027.jpg,misc
image5188.jpg,misc
image2444.jpg,misc
image68.jpg,misc
image6285.jpg,misc
image5724.jpg,misc
image6105.jpg,misc
image1597.jpg,misc
image8430.jpg,misc
image5024.jpg,misc
image5327.jpg,misc
image8270.jpg,misc
image9258.jpg,misc
image928.jpg,misc
image6449.jpg,misc
image2175.jpg,misc
image2427.jpg,misc
image4002.jpg,misc
image4827.jpg,misc
image4822.jpg,misc
image7859.jpg,misc
image866.jpg,misc
image3500.jpg,misc
image5371.jpg,misc
image6501.jpg,misc
image6010.jpg,misc
image9211.jpg,misc
image8395.jpg,misc
image3398.jpg,misc
image9111.jpg,misc
image6574.jpg,misc
image10210.jpg,misc
image8052.jpg,misc
image9699.jpg,misc
image7660.jpg,misc
image1642.jpg,misc
image7585.jpg,misc
image3056.jpg,misc
image5968.jpg,misc
image4377.jpg,misc
image9006.jpg,misc
image3783.jpg,misc
image9191.jpg,misc
image3448.jpg,misc
image2848.jpg,misc
image1056.jpg,misc
image3471.jpg,misc
image6132.jpg,misc
image6282.jpg,misc
image4651.jpg,misc
image10159.jpg,misc
image7530.jpg,misc
image7383.jpg,misc
image2109.jpg,misc
image7375.jpg,misc
image10455.jpg,misc
image9493.jpg,misc
image9443.jpg,misc
image6697.jpg,misc
image3277.jpg,misc
image5101.jpg,misc
image298.jpg,misc
image9472.jpg,misc
image8193.jpg,misc
image5953.jpg,misc
image5546.jpg,misc
image1291.jpg,misc
image1783.jpg,misc
image8646.jpg,misc
image7107.jpg,misc
image884.jpg,misc
image8818.jpg,misc
image6624.jpg,misc
image6053.jpg,misc
image5659.jpg,misc
image7067.jpg,misc
image2726.jpg,misc
image7317.jpg,misc
image4895.jpg,misc
image8638.jpg,misc
image1594.jpg,misc
image2597.jpg,misc
image6367.jpg,misc
image3591.jpg,misc
image9291.jpg,misc
image6907.jpg,misc
image10297.jpg,misc
image9869.jpg,misc
image6497.jpg,misc
image5332.jpg,misc
image3214.jpg,misc
image6704.jpg,misc
image2867.jpg,misc
image1439.jpg,misc
image561.jpg,misc
image6177.jpg,misc
image5347.jpg,misc
image761.jpg,misc
image8910.jpg,misc
image5527.jpg,misc
image10747.jpg,misc
image7601.jpg,misc
image5539.jpg,misc
image7865.jpg,misc
image4921.jpg,misc
image4982.jpg,misc
image7254.jpg,misc
image3444.jpg,misc
image3610.jpg,misc
image6514.jpg,misc
image438.jpg,misc
image9299.jpg,misc
image9700.jpg,misc
image2349.jpg,misc
image7125.jpg,misc
image3440.jpg,misc
image8579.jpg,misc
image5478.jpg,misc
image1175.jpg,misc
image9565.jpg,misc
image9678.jpg,misc
image6950.jpg,misc
image2135.jpg,misc
image5542.jpg,misc
image2085.jpg,misc
image3144.jpg,misc
image7206.jpg,misc
image7228.jpg,misc
image5268.jpg,misc
image5351.jpg,misc
image1260.jpg,misc
image7800.jpg,misc
image2888.jpg,misc
image10548.jpg,misc
image1108.jpg,misc
image3352.jpg,misc
image1037.jpg,misc
image6934.jpg,misc
image8025.jpg,misc
image5754.jpg,misc
image7569.jpg,misc
image10327.jpg,misc
image5493.jpg,misc
image7967.jpg,misc
image9165.jpg,misc
image2757.jpg,misc
image8095.jpg,misc
image4503.jpg,misc
image9580.jpg,misc
image3382.jpg,misc
image8709.jpg,misc
image3470.jpg,misc
image10884.jpg,misc
image3028.jpg,misc
image2221.jpg,misc
image2543.jpg,misc
image541.jpg,misc
image1084.jpg,misc
image7458.jpg,misc
image7932.jpg,misc
image9438.jpg,misc
image4332.jpg,misc
image4263.jpg,misc
image5437.jpg,misc
image2611.jpg,misc
image8404.jpg,misc
image5522.jpg,misc
image3168.jpg,misc
image2001.jpg,misc
image4857.jpg,misc
image3047.jpg,misc
image7723.jpg,Decorationandsignage
image5211.jpg,Decorationandsignage
image9970.jpg,misc
image5959.jpg,misc
image4446.jpg,misc
image171.jpg,misc
image3619.jpg,misc
image7050.jpg,misc
image10309.jpg,misc
image10845.jpg,misc
image10342.jpg,misc
image7767.jpg,misc
image4923.jpg,misc
image9072.jpg,misc
image1224.jpg,misc
image4186.jpg,misc
image10821.jpg,misc
image10450.jpg,misc
image5210.jpg,misc
image3283.jpg,misc
image10576.jpg,misc
image2739.jpg,misc
image10067.jpg,misc
image5502.jpg,misc
image4331.jpg,misc
image10081.jpg,misc
image10810.jpg,misc
image5827.jpg,misc
image7616.jpg,misc
image1151.jpg,misc
image3237.jpg,misc
image6357.jpg,misc
image4658.jpg,misc
image9793.jpg,misc
image5569.jpg,misc
image1120.jpg,misc
image505.jpg,misc
image4345.jpg,misc
image6489.jpg,misc
image2032.jpg,misc
image1377.jpg,misc
image5537.jpg,misc
image2593.jpg,misc
image6475.jpg,misc
image5240.jpg,misc
image869.jpg,misc
image7277.jpg,misc
image569.jpg,misc
image9484.jpg,misc
image6179.jpg,misc
image2327.jpg,misc
image9236.jpg,misc
image7428.jpg,misc
image8855.jpg,misc
image2684.jpg,misc
image2457.jpg,misc
image6522.jpg,misc
image7099.jpg,misc
image5255.jpg,misc
image10145.jpg,misc
image1887.jpg,misc
image1375.jpg,misc
image10305.jpg,misc
image1072.jpg,misc
image7308.jpg,misc
image685.jpg,misc
image3536.jpg,misc
image178.jpg,misc
image3677.jpg,misc
image8599.jpg,misc
image8727.jpg,misc
image7215.jpg,misc
image6028.jpg,misc
image271.jpg,misc
image10886.jpg,misc
image10858.jpg,misc
image7001.jpg,misc
image85.jpg,misc
image10756.jpg,misc
image10768.jpg,misc
image8787.jpg,misc
image511.jpg,misc
image4234.jpg,misc
image4527.jpg,misc
image362.jpg,misc
image3021.jpg,misc
image8198.jpg,misc
image9892.jpg,misc
image9768.jpg,misc
image3090.jpg,misc
image5832.jpg,misc
image10278.jpg,misc
image5609.jpg,misc
image7034.jpg,misc
image7503.jpg,misc
image6848.jpg,Decorationandsignage
image8766.jpg,misc
image1059.jpg,misc
image2352.jpg,misc
image6038.jpg,misc
image10669.jpg,misc
image9708.jpg,misc
image2172.jpg,misc
image8273.jpg,misc
image10784.jpg,misc
image3402.jpg,misc
image6630.jpg,Decorationandsignage
image2540.jpg,misc
image7013.jpg,misc
image6332.jpg,misc
image4032.jpg,misc
image1569.jpg,misc
image3537.jpg,misc
image547.jpg,misc
image3106.jpg,misc
image7097.jpg,misc
image5535.jpg,misc
image8961.jpg,misc
image2641.jpg,misc
image4605.jpg,misc
image10151.jpg,misc
image6480.jpg,misc
image10317.jpg,misc
image4706.jpg,misc
image8363.jpg,misc
image3600.jpg,misc
image1767.jpg,misc
image9879.jpg,misc
image269.jpg,misc
image9530.jpg,misc
image451.jpg,misc
image7085.jpg,misc
image4749.jpg,misc
image7137.jpg,misc
image2028.jpg,misc
image549.jpg,misc
image1546.jpg,misc
image10744.jpg,misc
image9563.jpg,misc
image6809.jpg,misc
image7267.jpg,misc
image8449.jpg,misc
image5769.jpg,misc
image5906.jpg,misc
image7218.jpg,misc
image10530.jpg,misc
image10478.jpg,misc
image6037.jpg,misc
image8091.jpg,misc
image10872.jpg,misc
image8789.jpg,misc
image9243.jpg,misc
image234.jpg,misc
image8167.jpg,misc
image4646.jpg,misc
image2528.jpg,misc
image5838.jpg,misc
image1022.jpg,misc
image5445.jpg,misc
image10349.jpg,Decorationandsignage
image7072.jpg,misc
image2138.jpg,misc
image3193.jpg,misc
image10436.jpg,misc
image10611.jpg,Decorationandsignage
image649.jpg,misc
image1082.jpg,misc
image8735.jpg,misc
image2276.jpg,misc
image745.jpg,misc
image6778.jpg,misc
image3978.jpg,misc
image4897.jpg,misc
image6050.jpg,misc
image7033.jpg,misc
image10178.jpg,misc
image1497.jpg,misc
image2982.jpg,misc
image6582.jpg,misc
image355.jpg,misc
image5136.jpg,misc
image652.jpg,misc
image10191.jpg,misc
image4514.jpg,misc
image1730.jpg,misc
image3349.jpg,misc
image10115.jpg,misc
image3679.jpg,misc
image497.jpg,misc
image9344.jpg,misc
image2475.jpg,misc
image8728.jpg,misc
image1287.jpg,misc
image7869.jpg,misc
image7900.jpg,misc
image373.jpg,misc
image8881.jpg,misc
image4902.jpg,misc
image5826.jpg,misc
image9374.jpg,misc
image4199.jpg,misc
image9403.jpg,misc
image272.jpg,misc
image4104.jpg,misc
image797.jpg,misc
image10158.jpg,misc
image4793.jpg,misc
image861.jpg,misc
image213.jpg,misc
image10583.jpg,misc
image7177.jpg,misc
image10147.jpg,misc
image8058.jpg,misc
image10640.jpg,misc
image9025.jpg,misc
image3994.jpg,misc
image8935.jpg,misc
image7763.jpg,misc
image7609.jpg,misc
image5126.jpg,misc
image9066.jpg,misc
image6530.jpg,Decorationandsignage
image6957.jpg,misc
image1601.jpg,misc
image2701.jpg,misc
image4185.jpg,misc
image513.jpg,misc
image4297.jpg,misc
image8432.jpg,misc
image6390.jpg,misc
image2134.jpg,misc
image1479.jpg,misc
image6914.jpg,misc
image6081.jpg,misc
image4086.jpg,misc
image1736.jpg,misc
image7505.jpg,misc
image554.jpg,misc
image360.jpg,misc
image1544.jpg,misc
image2925.jpg,misc
image656.jpg,misc
image9465.jpg,misc
image1038.jpg,misc
image9062.jpg,misc
image4759.jpg,misc
image6555.jpg,misc
image2878.jpg,misc
image5870.jpg,misc
image9897.jpg,misc
image7987.jpg,misc
image8384.jpg,misc
image9442.jpg,misc
image3862.jpg,misc
image3260.jpg,misc
image6977.jpg,misc
image6378.jpg,misc
image2566.jpg,misc
image3628.jpg,misc
image1468.jpg,misc
image9684.jpg,misc
image9240.jpg,misc
image4957.jpg,misc
image9944.jpg,misc
image5630.jpg,misc
image120.jpg,misc
image7993.jpg,misc
image8231.jpg,misc
image1535.jpg,misc
image8951.jpg,misc
image6407.jpg,misc
image10410.jpg,misc
image8261.jpg,misc
image5450.jpg,misc
image9511.jpg,misc
image2013.jpg,misc
image6364.jpg,misc
image9200.jpg,misc
image9153.jpg,misc
image1220.jpg,misc
image7942.jpg,misc
image7603.jpg,misc
image1929.jpg,Decorationandsignage
image5857.jpg,misc
image2007.jpg,misc
image2146.jpg,misc
image1588.jpg,misc
image5337.jpg,misc
image3449.jpg,misc
image3183.jpg,misc
image5667.jpg,misc
image1332.jpg,misc
image4222.jpg,misc
image1486.jpg,misc
image10217.jpg,misc
image740.jpg,misc
image5705.jpg,misc
image8891.jpg,misc
image7362.jpg,misc
image1207.jpg,misc
image3019.jpg,misc
image2179.jpg,misc
image1778.jpg,misc
image8587.jpg,misc
image6910.jpg,misc
image9163.jpg,misc
image8867.jpg,misc
image7905.jpg,misc
image3039.jpg,misc
image6617.jpg,misc
image7064.jpg,misc
image1731.jpg,misc
image2041.jpg,misc
image6070.jpg,misc
image3280.jpg,misc
image9958.jpg,misc
image9293.jpg,misc
image10685.jpg,misc
image9945.jpg,misc
image9988.jpg,misc
image7306.jpg,misc
image2610.jpg,misc
image2627.jpg,misc
image6962.jpg,misc
image10012.jpg,misc
image4271.jpg,misc
image10008.jpg,misc
image3143.jpg,misc
image8429.jpg,misc
image750.jpg,misc
image7940.jpg,misc
image8075.jpg,misc
image8684.jpg,misc
image10694.jpg,misc
image5173.jpg,misc
image5801.jpg,misc
image6963.jpg,misc
image1857.jpg,misc
image10508.jpg,misc
image329.jpg,misc
image7339.jpg,misc
image280.jpg,misc
image4802.jpg,misc
image6429.jpg,misc
image5448.jpg,misc
image2570.jpg,misc
image10047.jpg,misc
image9594.jpg,misc
image5389.jpg,misc
image519.jpg,misc
image2747.jpg,misc
image5112.jpg,misc
image9653.jpg,misc
image4604.jpg,misc
image8714.jpg,misc
image9987.jpg,misc
image3337.jpg,Decorationandsignage
image416.jpg,misc
image2675.jpg,misc
image8033.jpg,misc
image10623.jpg,Decorationandsignage
image2818.jpg,misc
image9368.jpg,misc
image5404.jpg,misc
image7731.jpg,misc
image6410.jpg,misc
image9882.jpg,misc
image7664.jpg,misc
image6243.jpg,misc
image784.jpg,misc
image141.jpg,misc
image10659.jpg,misc
image5062.jpg,misc
image10596.jpg,misc
image9130.jpg,misc
image10570.jpg,misc
image4452.jpg,misc
image1718.jpg,misc
image9671.jpg,misc
image9913.jpg,misc
image1036.jpg,misc
image2650.jpg,misc
image1417.jpg,misc
image6265.jpg,Decorationandsignage
image5877.jpg,misc
image9656.jpg,misc
image6333.jpg,misc
image3680.jpg,misc
image6075.jpg,misc
image8213.jpg,misc
image1539.jpg,misc
image9969.jpg,misc
image3870.jpg,misc
image1096.jpg,Decorationandsignage
image2951.jpg,misc
image7456.jpg,misc
image7111.jpg,misc
image148.jpg,misc
image145.jpg,misc
image9260.jpg,misc
image7187.jpg,misc
image3828.jpg,misc
image10736.jpg,misc
image9801.jpg,misc
image1872.jpg,misc
image7133.jpg,misc
image4630.jpg,misc
image1766.jpg,misc
image9499.jpg,misc
image796.jpg,misc
image10850.jpg,misc
image7057.jpg,misc
image4335.jpg,misc
image10836.jpg,misc
image10363.jpg,misc
image7856.jpg,misc
image256.jpg,misc
image6166.jpg,misc
image9701.jpg,misc
image4967.jpg,misc
image7263.jpg,misc
image10307.jpg,misc
image1869.jpg,misc
image1193.jpg,misc
image3690.jpg,misc
image4932.jpg,misc
image1917.jpg,misc
image9837.jpg,Decorationandsignage
image6805.jpg,misc
image5934.jpg,misc
image3126.jpg,misc
image10360.jpg,misc
image4961.jpg,misc
image2338.jpg,misc
image7506.jpg,misc
image8924.jpg,misc
image8032.jpg,misc
image6122.jpg,misc
image2753.jpg,misc
image10046.jpg,misc
image10150.jpg,misc
image388.jpg,misc
image2339.jpg,misc
image6156.jpg,misc
image10830.jpg,misc
image4914.jpg,misc
image155.jpg,misc
image10119.jpg,misc
image5572.jpg,misc
image9529.jpg,misc
image4461.jpg,misc
image9454.jpg,misc
image3544.jpg,misc
image2914.jpg,misc
image2738.jpg,Decorationandsignage
image2613.jpg,misc
image2856.jpg,misc
image9274.jpg,misc
image4442.jpg,misc
image5119.jpg,misc
image8564.jpg,misc
image4836.jpg,misc
image1530.jpg,misc
image336.jpg,misc
image7734.jpg,misc
image537.jpg,misc
image2448.jpg,misc
image1924.jpg,misc
image8569.jpg,misc
image8474.jpg,misc
image9538.jpg,misc
image1816.jpg,misc
image5943.jpg,misc
image1235.jpg,misc
image3141.jpg,misc
image4665.jpg,misc
image10691.jpg,misc
image2177.jpg,misc
image1978.jpg,misc
image8302.jpg,misc
image6005.jpg,misc
image4319.jpg,misc
image8222.jpg,misc
image4968.jpg,misc
image6673.jpg,misc
image3442.jpg,misc
image8178.jpg,misc
image5367.jpg,misc
