Image,Class
image6245.jpg,Food
image10409.jpg,Attire
image8692.jpg,Food
image10517.jpg,Food
image2580.jpg,Attire
image848.jpg,Attire
image1232.jpg,Attire
image8386.jpg,misc
image9828.jpg,misc
image9033.jpg,Attire
image2857.jpg,Decorationandsignage
image7838.jpg,Decorationandsignage
image6337.jpg,Decorationandsignage
image3608.jpg,misc
image9190.jpg,Attire
image8586.jpg,Decorationandsignage
image8140.jpg,Attire
image8208.jpg,Food
image1052.jpg,misc
image3926.jpg,Attire
image3726.jpg,Food
image1491.jpg,misc
image1572.jpg,Food
image3925.jpg,Attire
image4858.jpg,Food
image1498.jpg,Food
image6432.jpg,Food
image6175.jpg,Attire
image4756.jpg,Food
image9174.jpg,Food
image7285.jpg,Attire
image5797.jpg,Food
image3666.jpg,Attire
image5597.jpg,misc
image5663.jpg,Food
image9985.jpg,Attire
image7108.jpg,Food
image3064.jpg,Food
image1781.jpg,Food
image9617.jpg,Attire
image7924.jpg,Attire
image5861.jpg,Attire
image4276.jpg,Attire
image7252.jpg,Attire
image5331.jpg,Food
image8666.jpg,Food
image5984.jpg,Attire
image401.jpg,Food
image3483.jpg,Food
image10088.jpg,Food
image6596.jpg,Food
image318.jpg,misc
image802.jpg,misc
image6218.jpg,Decorationandsignage
image4565.jpg,Food
image37.jpg,Food
image2372.jpg,Food
image7920.jpg,Attire
image3571.jpg,Decorationandsignage
image5368.jpg,Attire
image753.jpg,misc
image10123.jpg,Food
image2107.jpg,Decorationandsignage
image1871.jpg,Food
image2731.jpg,Food
image10828.jpg,Food
image217.jpg,Attire
image10788.jpg,Attire
image8563.jpg,Food
image5125.jpg,Food
image2719.jpg,Decorationandsignage
image6911.jpg,Food
image9095.jpg,Decorationandsignage
image5207.jpg,Attire
image7478.jpg,Attire
image7776.jpg,Food
image3644.jpg,Attire
image8224.jpg,misc
image2565.jpg,Food
image6160.jpg,misc
image2524.jpg,Food
image1722.jpg,Food
image8457.jpg,Attire
image8578.jpg,Attire
image1954.jpg,Attire
image7643.jpg,Attire
image7714.jpg,Attire
image307.jpg,Food
image1341.jpg,Attire
image8686.jpg,Decorationandsignage
image7887.jpg,Food
image3274.jpg,Food
image1426.jpg,Attire
image845.jpg,Food
image1549.jpg,Food
image3503.jpg,Attire
image2252.jpg,Attire
image2767.jpg,Food
image10562.jpg,Decorationandsignage
image7268.jpg,Attire
image9060.jpg,misc
image7529.jpg,Food
image3923.jpg,misc
image6891.jpg,Food
image5590.jpg,misc
image4302.jpg,Attire
image9905.jpg,Decorationandsignage
image3328.jpg,Food
image9614.jpg,Attire
image1666.jpg,misc
image1795.jpg,Decorationandsignage
image2928.jpg,Food
image9002.jpg,Attire
image3621.jpg,Attire
image4196.jpg,Food
image10143.jpg,Food
image9736.jpg,Food
image8658.jpg,Attire
image7313.jpg,Food
image3422.jpg,Attire
image9391.jpg,Food
image7732.jpg,Decorationandsignage
image9951.jpg,Food
image9627.jpg,Attire
image5146.jpg,Food
image8480.jpg,Attire
image1460.jpg,Food
image8731.jpg,Attire
image6637.jpg,Attire
image3194.jpg,misc
image9157.jpg,Attire
image5073.jpg,Attire
image6354.jpg,Decorationandsignage
image7809.jpg,Food
image9849.jpg,Food
image9965.jpg,Food
image7334.jpg,misc
image2284.jpg,Food
image5644.jpg,Food
image9675.jpg,Attire
image2866.jpg,Attire
image6954.jpg,Attire
image5395.jpg,Decorationandsignage
image9619.jpg,Food
image8834.jpg,Food
image6991.jpg,Food
image8762.jpg,Attire
image5474.jpg,Attire
image8691.jpg,Food
image7879.jpg,Food
image6092.jpg,misc
image8918.jpg,Food
image7682.jpg,Food
image6034.jpg,Attire
image9572.jpg,Food
image4291.jpg,Decorationandsignage
image10625.jpg,Food
image7913.jpg,Attire
image8135.jpg,Food
image10242.jpg,Food
image7844.jpg,Attire
image7795.jpg,Attire
image7694.jpg,Attire
image3760.jpg,Decorationandsignage
image7889.jpg,misc
image528.jpg,Food
image4611.jpg,Attire
image6782.jpg,Food
image2964.jpg,Food
image2054.jpg,Food
image7256.jpg,Attire
image4101.jpg,Food
image7368.jpg,Attire
image476.jpg,misc
image3695.jpg,Attire
image7845.jpg,Food
image3256.jpg,misc
image7168.jpg,Attire
image9061.jpg,Food
image3908.jpg,Decorationandsignage
image7595.jpg,Food
image3883.jpg,Food
image4839.jpg,Food
image1152.jpg,Attire
image393.jpg,Food
image675.jpg,Decorationandsignage
image7312.jpg,misc
image8410.jpg,Decorationandsignage
image9789.jpg,Food
image2595.jpg,Attire
image9221.jpg,Food
image7929.jpg,misc
image9492.jpg,Food
image9388.jpg,Food
image10433.jpg,Food
image5595.jpg,Food
image7434.jpg,Food
image9362.jpg,Attire
image9346.jpg,Food
image6659.jpg,Attire
image7576.jpg,misc
image2759.jpg,misc
image1512.jpg,misc
image8242.jpg,Decorationandsignage
image2432.jpg,Attire
image1361.jpg,misc
image2091.jpg,Decorationandsignage
image6581.jpg,Food
image5385.jpg,Food
image2435.jpg,Food
image3085.jpg,Attire
image9244.jpg,Decorationandsignage
image5102.jpg,Food
image3063.jpg,Food
image6467.jpg,Food
image4918.jpg,Food
image578.jpg,Food
image7939.jpg,Decorationandsignage
image5248.jpg,Attire
image4645.jpg,Food
image10859.jpg,Attire
image7742.jpg,Food
image10366.jpg,Food
image9765.jpg,Food
image9238.jpg,Attire
image7857.jpg,Attire
image1240.jpg,Decorationandsignage
image8123.jpg,Attire
image10304.jpg,Food
image4722.jpg,Food
image6515.jpg,Food
image7727.jpg,Food
image5253.jpg,Attire
image8843.jpg,Attire
image9996.jpg,Attire
image3671.jpg,Food
image5477.jpg,Attire
image8049.jpg,Attire
image3948.jpg,Food
image2938.jpg,Decorationandsignage
image974.jpg,Attire
image4635.jpg,Food
image4113.jpg,Attire
image4811.jpg,Attire
image6062.jpg,Food
image2823.jpg,Food
image9168.jpg,Food
image2149.jpg,Food
image6237.jpg,misc
image5350.jpg,Food
image10166.jpg,Food
image1603.jpg,misc
image3198.jpg,Food
image5806.jpg,Attire
image8601.jpg,Attire
image4070.jpg,Food
image7146.jpg,Food
image8820.jpg,Attire
image6830.jpg,Food
image7457.jpg,Food
image917.jpg,Food
image8878.jpg,Food
image2894.jpg,Food
image8755.jpg,Decorationandsignage
image8217.jpg,Attire
image10292.jpg,Food
image9911.jpg,Food
image4697.jpg,Decorationandsignage
image9786.jpg,Food
image5355.jpg,Attire
image3001.jpg,Food
image7922.jpg,Decorationandsignage
image3850.jpg,Decorationandsignage
image2773.jpg,Attire
image9296.jpg,Decorationandsignage
image9654.jpg,Food
image5958.jpg,misc
image7994.jpg,Decorationandsignage
image10700.jpg,Food
image4791.jpg,Attire
image9423.jpg,Food
image4984.jpg,Decorationandsignage
image8742.jpg,Food
image3227.jpg,Food
image1121.jpg,Attire
image9557.jpg,Attire
image5867.jpg,Attire
image7264.jpg,Attire
image82.jpg,Food
image2226.jpg,Attire
image6487.jpg,Decorationandsignage
image1202.jpg,Food
image2465.jpg,misc
image3124.jpg,Attire
image10201.jpg,Attire
image457.jpg,Food
image9449.jpg,misc
image3653.jpg,misc
image4375.jpg,Attire
image8980.jpg,Attire
image2292.jpg,misc
image4513.jpg,Attire
image8710.jpg,misc
image5016.jpg,Decorationandsignage
image9748.jpg,Attire
image5256.jpg,Food
image8312.jpg,Food
image5632.jpg,Attire
image8105.jpg,Food
image1284.jpg,Food
image7303.jpg,Food
image282.jpg,Food
image9112.jpg,Attire
image597.jpg,Food
image3566.jpg,Food
image5083.jpg,Food
image9746.jpg,Attire
image10072.jpg,Food
image1318.jpg,Food
image5213.jpg,Attire
image5362.jpg,Food
image5234.jpg,Food
image7247.jpg,Food
image6125.jpg,Attire
image4569.jpg,Food
image9010.jpg,misc
image2279.jpg,misc
image7412.jpg,Attire
image6559.jpg,Food
image455.jpg,Food
image8894.jpg,Decorationandsignage
image3367.jpg,Decorationandsignage
image5736.jpg,Food
image350.jpg,misc
image5057.jpg,Attire
image3625.jpg,misc
image1920.jpg,Food
image6692.jpg,Attire
image114.jpg,Food
image7115.jpg,Decorationandsignage
image7435.jpg,Attire
image736.jpg,misc
image1053.jpg,misc
image6728.jpg,Attire
image8227.jpg,Food
image7719.jpg,Decorationandsignage
image5621.jpg,Food
image2428.jpg,Food
image389.jpg,misc
image10491.jpg,Attire
image10780.jpg,Decorationandsignage
image8024.jpg,misc
image9249.jpg,Food
image5716.jpg,Attire
image3437.jpg,Attire
image6943.jpg,Food
image10739.jpg,Attire
image3472.jpg,Food
image10486.jpg,Food
image5783.jpg,Food
image10164.jpg,misc
image3996.jpg,Decorationandsignage
image6422.jpg,Attire
image8232.jpg,Attire
image1902.jpg,misc
image8672.jpg,Attire
image1410.jpg,Attire
image10408.jpg,Food
image10114.jpg,Attire
image1330.jpg,Food
image10314.jpg,Food
image7304.jpg,misc
image10219.jpg,Food
image1964.jpg,Decorationandsignage
image6242.jpg,Food
image6869.jpg,Attire
image1247.jpg,Food
image4278.jpg,Decorationandsignage
image4481.jpg,Food
image7815.jpg,Food
image2876.jpg,Decorationandsignage
image8673.jpg,misc
image1385.jpg,Food
image1961.jpg,Food
image1323.jpg,Decorationandsignage
image3501.jpg,Food
image3062.jpg,Attire
image660.jpg,Food
image4938.jpg,Attire
image6400.jpg,misc
image3552.jpg,misc
image8620.jpg,Food
image3082.jpg,Food
image4376.jpg,Food
image6056.jpg,Food
image4519.jpg,Food
image3271.jpg,Attire
image9670.jpg,Attire
image1829.jpg,Food
image2360.jpg,Decorationandsignage
image1826.jpg,Food
image10228.jpg,Attire
image10142.jpg,Attire
image9420.jpg,Attire
image2640.jpg,Food
image9846.jpg,Attire
image3006.jpg,misc
image6737.jpg,misc
image1057.jpg,Attire
image9921.jpg,Attire
image9170.jpg,misc
image1831.jpg,Food
image5552.jpg,Attire
image9664.jpg,Attire
image682.jpg,Decorationandsignage
image4465.jpg,Attire
image9350.jpg,Decorationandsignage
image10241.jpg,Attire
image2343.jpg,Food
image8018.jpg,Attire
image4799.jpg,Food
image5730.jpg,Attire
image5899.jpg,Food
image10468.jpg,misc
image935.jpg,Food
image7582.jpg,Attire
image10010.jpg,Attire
image10539.jpg,Attire
image2748.jpg,Food
image4030.jpg,Attire
image8274.jpg,misc
image6698.jpg,Food
image2274.jpg,Food
image3689.jpg,Food
image3428.jpg,Food
image4211.jpg,Food
image5215.jpg,Decorationandsignage
image5137.jpg,Decorationandsignage
image6646.jpg,misc
image1277.jpg,misc
image2702.jpg,Food
image6586.jpg,Decorationandsignage
image1797.jpg,Food
image8726.jpg,Attire
image2762.jpg,Decorationandsignage
image5019.jpg,misc
image2038.jpg,misc
image6359.jpg,Attire
image5734.jpg,Attire
image6738.jpg,Food
image9123.jpg,Food
image3595.jpg,Food
image896.jpg,Decorationandsignage
image119.jpg,Attire
image5026.jpg,Food
image7345.jpg,Food
image2505.jpg,Attire
image2233.jpg,Attire
image5944.jpg,Attire
image5423.jpg,Attire
image8147.jpg,Food
image8440.jpg,Food
image8678.jpg,misc
image7624.jpg,Attire
image2165.jpg,Decorationandsignage
image4977.jpg,Decorationandsignage
image2730.jpg,misc
image8664.jpg,Food
image7330.jpg,Food
image6851.jpg,Food
image473.jpg,Food
image8268.jpg,Decorationandsignage
image6266.jpg,misc
image2253.jpg,Decorationandsignage
image3307.jpg,Attire
image4245.jpg,Food
image8389.jpg,Attire
image6634.jpg,misc
image5377.jpg,Food
image2639.jpg,Decorationandsignage
image9259.jpg,misc
image7841.jpg,misc
image5741.jpg,Food
image3714.jpg,Decorationandsignage
image5044.jpg,Decorationandsignage
image10182.jpg,Food
image7178.jpg,Attire
image8889.jpg,Food
image108.jpg,Attire
image1335.jpg,Attire
image3221.jpg,misc
image10053.jpg,Decorationandsignage
image545.jpg,Food
image4877.jpg,Food
image1351.jpg,Decorationandsignage
image3434.jpg,Attire
image4931.jpg,Food
image9655.jpg,Food
image1163.jpg,Decorationandsignage
image5921.jpg,Food
image218.jpg,Attire
image8028.jpg,Food
image5773.jpg,Food
image2552.jpg,Food
image6073.jpg,Food
image4128.jpg,Decorationandsignage
image3399.jpg,misc
image8780.jpg,Decorationandsignage
image8288.jpg,Decorationandsignage
image1312.jpg,Decorationandsignage
image2728.jpg,Attire
image5466.jpg,misc
image2891.jpg,Food
image6623.jpg,Food
image3233.jpg,Food
image8826.jpg,Attire
image3142.jpg,Attire
image8528.jpg,misc
image5032.jpg,Decorationandsignage
image3166.jpg,Decorationandsignage
image2711.jpg,Attire
image4056.jpg,Food
image1328.jpg,Decorationandsignage
image100.jpg,Attire
image4754.jpg,Attire
image4392.jpg,Attire
image4434.jpg,Food
image8856.jpg,Attire
image10427.jpg,misc
image5226.jpg,misc
image8104.jpg,Attire
image4724.jpg,Food
image7633.jpg,Food
image1168.jpg,Attire
image4786.jpg,Food
image8011.jpg,Food
image8417.jpg,Attire
image7090.jpg,Food
image2742.jpg,misc
image9836.jpg,Food
image2152.jpg,Food
image9057.jpg,Attire
image2445.jpg,Decorationandsignage
image2440.jpg,Food
image4770.jpg,misc
image4480.jpg,Attire
image10357.jpg,misc
image4556.jpg,Decorationandsignage
image3835.jpg,misc
image10367.jpg,Attire
image5435.jpg,Food
image390.jpg,Food
image2666.jpg,Food
image6566.jpg,Food
image7418.jpg,Decorationandsignage
image7730.jpg,Attire
image4740.jpg,Attire
image3026.jpg,misc
image7839.jpg,Attire
image8613.jpg,Attire
image5270.jpg,Attire
image4691.jpg,Food
image5623.jpg,misc
image5711.jpg,Attire
image824.jpg,Food
image8497.jpg,Food
image7446.jpg,Attire
image5170.jpg,Attire
image5244.jpg,Attire
image5275.jpg,Food
image8724.jpg,Food
image9345.jpg,Attire
image9404.jpg,Attire
image2750.jpg,misc
image1643.jpg,Decorationandsignage
image1649.jpg,Food
image2932.jpg,misc
image9505.jpg,Decorationandsignage
image7172.jpg,Attire
image8711.jpg,misc
image238.jpg,Attire
image143.jpg,Attire
image10568.jpg,Food
image2386.jpg,Food
image8567.jpg,Food
image6931.jpg,misc
image294.jpg,Attire
image1165.jpg,Decorationandsignage
image5996.jpg,Food
image8948.jpg,Food
image7751.jpg,misc
image7620.jpg,Attire
image2520.jpg,Attire
image9887.jpg,Decorationandsignage
image2024.jpg,misc
image6305.jpg,Food
image6000.jpg,Food
image1994.jpg,misc
image7086.jpg,Decorationandsignage
image10365.jpg,Food
image4311.jpg,Food
image7338.jpg,Attire
image9769.jpg,Food
image571.jpg,Decorationandsignage
image10028.jpg,Food
image4237.jpg,Food
image3728.jpg,Food
image2422.jpg,Attire
image9222.jpg,Attire
image4393.jpg,Attire
image5645.jpg,Decorationandsignage
image8339.jpg,Attire
image2410.jpg,Food
image3248.jpg,Decorationandsignage
image1058.jpg,misc
image410.jpg,Food
image5468.jpg,Food
image9085.jpg,Attire
image6324.jpg,Food
image3301.jpg,misc
image6908.jpg,misc
image9429.jpg,Food
image126.jpg,Food
image9939.jpg,Food
image6839.jpg,misc
image1501.jpg,Food
image7062.jpg,Attire
image5050.jpg,Attire
image2184.jpg,Attire
image5176.jpg,misc
image2045.jpg,Attire
image2111.jpg,Decorationandsignage
image10073.jpg,Attire
image6191.jpg,Food
image10688.jpg,misc
image3616.jpg,Attire
image3215.jpg,Attire
image7517.jpg,Attire
image8107.jpg,Food
image6257.jpg,misc
image4448.jpg,Food
image3410.jpg,Attire
image7148.jpg,Attire
image2910.jpg,misc
image7632.jpg,Attire
image2148.jpg,misc
image8549.jpg,Attire
image10294.jpg,Attire
image9523.jpg,misc
image6678.jpg,Food
image8279.jpg,Food
image6021.jpg,Food
image7326.jpg,Attire
image8077.jpg,Attire
image206.jpg,misc
image6202.jpg,Food
image2633.jpg,Attire
image4860.jpg,Food
image6264.jpg,Food
image7164.jpg,Food
image5725.jpg,Food
image10224.jpg,Food
image5592.jpg,Food
image6236.jpg,misc
image3745.jpg,Decorationandsignage
image8472.jpg,Food
image2918.jpg,Decorationandsignage
image3357.jpg,Attire
image6439.jpg,misc
image5767.jpg,Food
image6549.jpg,Attire
image3250.jpg,Food
image3935.jpg,Attire
image4983.jpg,Attire
image9705.jpg,Attire
image7487.jpg,Attire
image6766.jpg,misc
image8544.jpg,Attire
image1355.jpg,Decorationandsignage
image5782.jpg,Attire
image1024.jpg,Food
image9109.jpg,Attire
image580.jpg,Attire
image3299.jpg,Food
image1432.jpg,misc
image1926.jpg,Food
image5357.jpg,Attire
image1958.jpg,Decorationandsignage
image8489.jpg,Attire
image2764.jpg,Food
image8187.jpg,Decorationandsignage
image792.jpg,Decorationandsignage
image1231.jpg,Attire
image5140.jpg,Food
image5049.jpg,Attire
image9525.jpg,Attire
image6431.jpg,Food
image662.jpg,Attire
image7324.jpg,Food
image3762.jpg,Food
image5987.jpg,Attire
image7498.jpg,Attire
image7539.jpg,Attire
image5356.jpg,Food
image9749.jpg,Food
image9081.jpg,Attire
image7545.jpg,Food
image8264.jpg,Attire
image3005.jpg,Food
image7182.jpg,Attire
image9561.jpg,Attire
image7405.jpg,Food
image3999.jpg,Food
image3579.jpg,Attire
image2503.jpg,Attire
image3888.jpg,Attire
image3032.jpg,Food
image8754.jpg,Attire
image2167.jpg,Food
image8681.jpg,Attire
image9995.jpg,Food
image8623.jpg,Attire
image3335.jpg,Food
image1609.jpg,misc
image1654.jpg,Decorationandsignage
image10477.jpg,Decorationandsignage
image9319.jpg,Attire
image2736.jpg,Food
image6916.jpg,Food
image1969.jpg,Decorationandsignage
image3096.jpg,Attire
image9330.jpg,Food
image3691.jpg,Attire
image9986.jpg,Attire
image10469.jpg,Decorationandsignage
image7410.jpg,Food
image7123.jpg,Attire
image5482.jpg,Food
image444.jpg,Food
image4478.jpg,Attire
image10889.jpg,Attire
image3289.jpg,Attire
image6129.jpg,Food
image631.jpg,Decorationandsignage
image8841.jpg,Food
image8610.jpg,Food
image3951.jpg,Attire
image7868.jpg,Food
image2320.jpg,Attire
image10591.jpg,Attire
image6734.jpg,Food
image8205.jpg,Food
image2870.jpg,Food
image7528.jpg,Attire
image2359.jpg,Attire
image9372.jpg,Food
image1804.jpg,Food
image10749.jpg,Decorationandsignage
image5862.jpg,misc
image8164.jpg,Attire
image6548.jpg,Food
image5111.jpg,Food
image9745.jpg,misc
image4838.jpg,misc
image1540.jpg,Attire
image10645.jpg,misc
image7847.jpg,Decorationandsignage
image9782.jpg,Food
image9977.jpg,misc
image10634.jpg,Attire
image6498.jpg,Attire
image9461.jpg,Decorationandsignage
image7709.jpg,Attire
image7127.jpg,Attire
image9118.jpg,Food
image6170.jpg,Decorationandsignage
image5245.jpg,Food
image9482.jpg,Food
image7315.jpg,Attire
image3491.jpg,Attire
image9709.jpg,Attire
image2846.jpg,misc
image6733.jpg,Food
image5460.jpg,Food
image4043.jpg,Food
image9533.jpg,Decorationandsignage
image8824.jpg,Attire
image4861.jpg,Food
image9508.jpg,Food
image1556.jpg,Attire
image1049.jpg,misc
image803.jpg,misc
image1087.jpg,misc
image3627.jpg,Decorationandsignage
image8127.jpg,Food
image9577.jpg,Attire
image10819.jpg,Food
image10230.jpg,Attire
image7740.jpg,Attire
image5130.jpg,Food
image7241.jpg,Food
image6336.jpg,Food
image9105.jpg,Attire
image9308.jpg,misc
image6470.jpg,misc
image7951.jpg,Food
image4766.jpg,Food
image4742.jpg,Food
image938.jpg,Attire
image7296.jpg,Decorationandsignage
image3829.jpg,Food
image3684.jpg,Attire
image895.jpg,Decorationandsignage
image226.jpg,Attire
image7564.jpg,Food
image10074.jpg,Attire
image40.jpg,Attire
image8737.jpg,misc
image3243.jpg,Food
image1553.jpg,misc
image5822.jpg,misc
image9271.jpg,Food
image488.jpg,Food
image10752.jpg,Attire
image2873.jpg,Decorationandsignage
image3989.jpg,misc
image2133.jpg,Food
image9481.jpg,Food
image2243.jpg,misc
image1243.jpg,Food
image4775.jpg,Decorationandsignage
image8600.jpg,Food
image10416.jpg,Food
image710.jpg,Attire
image665.jpg,Food
image10772.jpg,Attire
image10804.jpg,Attire
image4819.jpg,Attire
image6352.jpg,Decorationandsignage
image7509.jpg,misc
image1035.jpg,Food
image6520.jpg,Attire
image3094.jpg,Food
image1523.jpg,misc
image7944.jpg,misc
image10867.jpg,Decorationandsignage
image1874.jpg,misc
image5399.jpg,Decorationandsignage
image8156.jpg,misc
image5854.jpg,misc
image4342.jpg,Food
image4220.jpg,Food
image10457.jpg,Food
image4401.jpg,Food
image107.jpg,misc
image6622.jpg,Decorationandsignage
image2423.jpg,misc
image3511.jpg,Food
image1525.jpg,misc
image9661.jpg,misc
image4468.jpg,Decorationandsignage
image10261.jpg,misc
image5324.jpg,misc
image6419.jpg,Food
image4924.jpg,Attire
image1618.jpg,misc
image10065.jpg,Attire
image1359.jpg,Food
image8763.jpg,misc
image10040.jpg,Decorationandsignage
image6163.jpg,Food
image8538.jpg,Attire
image5654.jpg,Food
image6260.jpg,Food
image705.jpg,Decorationandsignage
image3615.jpg,Food
image5427.jpg,Food
image1362.jpg,Food
image10746.jpg,Food
image6833.jpg,Food
image4008.jpg,Attire
image9729.jpg,Food
image2154.jpg,Food
image10697.jpg,Food
image1267.jpg,Decorationandsignage
image2129.jpg,misc
image7658.jpg,Food
image4867.jpg,Attire
image10835.jpg,Food
image2884.jpg,Attire
image9686.jpg,Food
image10376.jpg,Food
image4225.jpg,Attire
image7995.jpg,Attire
image5227.jpg,Food
image10737.jpg,Decorationandsignage
image8760.jpg,Decorationandsignage
image176.jpg,misc
image6094.jpg,Food
image2137.jpg,misc
image411.jpg,Food
image6153.jpg,Decorationandsignage
image8782.jpg,Food
image10064.jpg,Attire
image2425.jpg,Food
image956.jpg,Attire
image394.jpg,Decorationandsignage
image3234.jpg,Food
image9351.jpg,Attire
image1846.jpg,misc
image8517.jpg,Decorationandsignage
image6871.jpg,Attire
image1236.jpg,Food
image3668.jpg,Attire
image8282.jpg,Decorationandsignage
image3353.jpg,Attire
image7540.jpg,Decorationandsignage
image7536.jpg,misc
image3055.jpg,Attire
image8874.jpg,Food
image130.jpg,Food
image4412.jpg,Attire
image3830.jpg,misc
image5634.jpg,Food
image9853.jpg,Decorationandsignage
image8204.jpg,Decorationandsignage
image6998.jpg,Attire
image7927.jpg,Attire
image5152.jpg,Food
image9553.jpg,Food
image10388.jpg,misc
image10670.jpg,Attire
image6193.jpg,misc
image5097.jpg,Food
image8653.jpg,misc
image154.jpg,Attire
image9889.jpg,Food
image2058.jpg,Attire
image9867.jpg,Attire
image10447.jpg,Food
image5045.jpg,misc
image4253.jpg,Food
image8530.jpg,Decorationandsignage
image2875.jpg,Attire
image8967.jpg,Attire
image3196.jpg,Food
image10079.jpg,Attire
image3975.jpg,misc
image6631.jpg,misc
image6016.jpg,misc
image6791.jpg,misc
image7888.jpg,Food
image4807.jpg,misc
image3777.jpg,Attire
image4712.jpg,Decorationandsignage
image10520.jpg,misc
image2977.jpg,Food
image7083.jpg,Food
image9343.jpg,Food
image6979.jpg,misc
image386.jpg,misc
image5486.jpg,Food
image5361.jpg,Attire
image8730.jpg,Food
image3023.jpg,Attire
image8584.jpg,Attire
image3246.jpg,Food
image878.jpg,Decorationandsignage
image10105.jpg,Decorationandsignage
image6619.jpg,Food
image4382.jpg,Food
image7903.jpg,Decorationandsignage
image9589.jpg,misc
image3961.jpg,Food
image7659.jpg,Attire
image4639.jpg,Food
image152.jpg,Food
image9790.jpg,Attire
image2354.jpg,Attire
image8652.jpg,Food
image5124.jpg,Decorationandsignage
image8656.jpg,misc
image589.jpg,Food
image9866.jpg,misc
image9495.jpg,Food
image9966.jpg,Food
image5682.jpg,Food
image8169.jpg,Food
image7768.jpg,Decorationandsignage
image10099.jpg,Decorationandsignage
image1516.jpg,Decorationandsignage
image7198.jpg,Attire
image1791.jpg,Decorationandsignage
image1346.jpg,Attire
image4073.jpg,misc
image10682.jpg,Attire
image22.jpg,misc
image2317.jpg,Food
image3173.jpg,Attire
image8998.jpg,Food
image4183.jpg,Attire
image6984.jpg,Food
image7667.jpg,Decorationandsignage
image6014.jpg,misc
image2956.jpg,Decorationandsignage
image2216.jpg,Food
image5364.jpg,Food
image4212.jpg,misc
image8604.jpg,Food
image6920.jpg,Food
image5813.jpg,Attire
image2953.jpg,Attire
image8358.jpg,Food
image3527.jpg,Attire
image2325.jpg,Attire
image8245.jpg,Food
image1856.jpg,Attire
image10406.jpg,misc
image3015.jpg,Decorationandsignage
image10451.jpg,misc
image7163.jpg,Food
image1565.jpg,Attire
image2509.jpg,Food
image3279.jpg,Food
image1103.jpg,Attire
image6759.jpg,Food
image3153.jpg,Decorationandsignage
image7965.jpg,misc
image8039.jpg,Food
image9120.jpg,Food
image5264.jpg,Food
image8462.jpg,Food
image2344.jpg,Attire
image3766.jpg,Attire
image4567.jpg,misc
image10654.jpg,Food
image3896.jpg,Food
image9349.jpg,Food
image905.jpg,Attire
image3431.jpg,Food
image6929.jpg,Decorationandsignage
image7400.jpg,Food
image10394.jpg,Attire
image7663.jpg,Food
image7199.jpg,misc
image10194.jpg,Attire
image7604.jpg,Food
image4205.jpg,misc
image2400.jpg,Food
image8397.jpg,Food
image10200.jpg,Attire
image8566.jpg,Attire
image6508.jpg,Attire
image2722.jpg,Food
image1962.jpg,Decorationandsignage
image1629.jpg,Food
image10421.jpg,Food
image3423.jpg,Attire
image7482.jpg,Decorationandsignage
image8299.jpg,Food
image8003.jpg,Food
image4093.jpg,Decorationandsignage
image459.jpg,Attire
image9542.jpg,misc
image4506.jpg,Decorationandsignage
image5772.jpg,Attire
image4445.jpg,Decorationandsignage
image1223.jpg,Food
image364.jpg,Food
image9549.jpg,Attire
image6185.jpg,Food
image9261.jpg,Food
image6039.jpg,misc
image1013.jpg,Food
image8865.jpg,Food
image10860.jpg,Decorationandsignage
image8708.jpg,misc
image7895.jpg,Food
image10497.jpg,Food
image7118.jpg,Attire
image7826.jpg,Food
image5135.jpg,Food
image3574.jpg,Attire
image9037.jpg,Attire
image4134.jpg,Food
image7649.jpg,Attire
image7693.jpg,Decorationandsignage
image9575.jpg,Food
image4231.jpg,Food
image2518.jpg,Decorationandsignage
image5926.jpg,Attire
image6272.jpg,Food
image10076.jpg,Food
image4173.jpg,Food
image9333.jpg,Food
image9119.jpg,Food
image3368.jpg,Food
image8482.jpg,Decorationandsignage
image2619.jpg,Attire
image5839.jpg,Food
image6230.jpg,Food
image10618.jpg,Decorationandsignage
image5407.jpg,Food
image9858.jpg,Food
image7040.jpg,Food
image7805.jpg,misc
image10604.jpg,misc
image6618.jpg,Attire
image10529.jpg,Food
image156.jpg,Attire
image8758.jpg,Food
image2548.jpg,Decorationandsignage
image255.jpg,misc
image10452.jpg,Food
image9518.jpg,Attire
image3320.jpg,Attire
image241.jpg,Decorationandsignage
image8838.jpg,Food
image4431.jpg,Food
image3411.jpg,Food
image5728.jpg,misc
image209.jpg,Attire
image4223.jpg,Attire
image8220.jpg,Attire
image6855.jpg,Attire
image5674.jpg,Food
image5627.jpg,Attire
image5425.jpg,Food
image2479.jpg,Decorationandsignage
image9811.jpg,Attire
image7499.jpg,Food
image1490.jpg,misc
image4913.jpg,Food
image5420.jpg,Food
image6608.jpg,Decorationandsignage
image2690.jpg,Attire
image4250.jpg,misc
image9724.jpg,Food
image6744.jpg,Food
image8956.jpg,Food
image3721.jpg,Attire
image6684.jpg,Food
image6493.jpg,Attire
image10764.jpg,misc
image8700.jpg,Food
image9999.jpg,Attire
image4303.jpg,Food
image3278.jpg,Food
image9721.jpg,Attire
image808.jpg,Attire
image6294.jpg,Food
image4597.jpg,Food
image564.jpg,Food
image6792.jpg,Food
image4781.jpg,Decorationandsignage
image6526.jpg,Food
image4340.jpg,Decorationandsignage
image3561.jpg,Attire
image3058.jpg,Food
image10062.jpg,Food
image4034.jpg,misc
image6095.jpg,Food
image8629.jpg,misc
image2130.jpg,Food
image1492.jpg,Food
image5677.jpg,misc
image6784.jpg,Attire
image2368.jpg,Food
image7699.jpg,Food
image6793.jpg,Attire
image5143.jpg,Attire
image9049.jpg,Decorationandsignage
image2919.jpg,misc
image5299.jpg,Food
image9036.jpg,Attire
image10051.jpg,misc
image5596.jpg,Food
image3734.jpg,Decorationandsignage
image3329.jpg,Decorationandsignage
image1788.jpg,Decorationandsignage
image5577.jpg,Food
image10249.jpg,Food
image10505.jpg,Food
image1478.jpg,Decorationandsignage
image3720.jpg,misc
image2665.jpg,Decorationandsignage
image6083.jpg,misc
image6877.jpg,Food
image1077.jpg,Food
image5041.jpg,Food
image10624.jpg,Attire
image7808.jpg,Food
image5123.jpg,Food
image4625.jpg,Food
image1822.jpg,Food
image3150.jpg,Attire
image9269.jpg,Decorationandsignage
image1576.jpg,Food
image1250.jpg,Food
image4152.jpg,Food
image4547.jpg,Food
image4900.jpg,Attire
image9547.jpg,Attire
image132.jpg,Food
image4038.jpg,Food
image10671.jpg,Food
image2544.jpg,Attire
image2814.jpg,Food
image1644.jpg,Food
image5411.jpg,misc
image5107.jpg,Attire
image4654.jpg,Food
image7957.jpg,Attire
image323.jpg,Decorationandsignage
image7029.jpg,misc
image4704.jpg,Food
image4323.jpg,Decorationandsignage
image7892.jpg,Decorationandsignage
image7631.jpg,misc
image8110.jpg,Decorationandsignage
image10524.jpg,Food
image4863.jpg,Food
image6789.jpg,Food
image5084.jpg,Food
image8094.jpg,misc
image4475.jpg,Food
image5555.jpg,Attire
image9127.jpg,misc
image7485.jpg,Attire
image7685.jpg,Food
image5171.jpg,Food
image3964.jpg,Decorationandsignage
image4381.jpg,misc
image6702.jpg,misc
image4596.jpg,Food
image6212.jpg,misc
image4160.jpg,Attire
image5169.jpg,Attire
image10050.jpg,misc
image7989.jpg,Decorationandsignage
image8864.jpg,Attire
image10379.jpg,Food
image6423.jpg,misc
image8017.jpg,Decorationandsignage
image5250.jpg,Food
image9448.jpg,Attire
image1993.jpg,Attire
image9183.jpg,Food
image8790.jpg,Attire
image7646.jpg,Attire
image3661.jpg,Food
image2430.jpg,misc
image6267.jpg,Attire
image9780.jpg,Food
image1552.jpg,Attire
image10643.jpg,Decorationandsignage
image3494.jpg,Decorationandsignage
image4782.jpg,misc
image8327.jpg,Food
image7793.jpg,Food
image4986.jpg,Food
image951.jpg,Food
image2634.jpg,misc
image5876.jpg,Food
image2096.jpg,Food
image5030.jpg,Food
image3228.jpg,Food
image9341.jpg,Attire
image4767.jpg,Decorationandsignage
image2333.jpg,Food
image3560.jpg,Decorationandsignage
image9462.jpg,Food
image8800.jpg,Decorationandsignage
image9881.jpg,Food
image5271.jpg,Food
image2467.jpg,Food
image6020.jpg,Food
image3652.jpg,Food
image3270.jpg,misc
image9029.jpg,Food
image689.jpg,Attire
image9989.jpg,Attire
image2280.jpg,Decorationandsignage
image6513.jpg,Attire
image8988.jpg,Food
image3388.jpg,Food
image6666.jpg,Decorationandsignage
image9193.jpg,Food
image7154.jpg,Attire
image4135.jpg,Food
image846.jpg,Decorationandsignage
image10590.jpg,Attire
image3895.jpg,misc
image8427.jpg,Food
image5541.jpg,Attire
image10407.jpg,Attire
image7403.jpg,Food
image3014.jpg,Decorationandsignage
image7791.jpg,Attire
image4640.jpg,misc
image6079.jpg,Decorationandsignage
image5737.jpg,Attire
image8490.jpg,misc
image6009.jpg,Food
image10246.jpg,Food
image2281.jpg,Food
image6138.jpg,Attire
image10340.jpg,Attire
image8342.jpg,Decorationandsignage
image8422.jpg,misc
image2989.jpg,Attire
image9767.jpg,misc
image10300.jpg,Attire
image8468.jpg,Decorationandsignage
image2278.jpg,Food
image10760.jpg,Food
image7289.jpg,Food
image8333.jpg,Attire
image1449.jpg,Decorationandsignage
image1985.jpg,Food
image10319.jpg,misc
image3872.jpg,misc
image1768.jpg,Decorationandsignage
image4906.jpg,misc
image1815.jpg,Attire
image6890.jpg,Decorationandsignage
image3216.jpg,Attire
image6858.jpg,Food
image3239.jpg,Attire
image9774.jpg,Food
image5729.jpg,Food
image953.jpg,Food
image5433.jpg,Attire
image3864.jpg,Decorationandsignage
image1775.jpg,Attire
image1306.jpg,Decorationandsignage
image9806.jpg,Food
image2772.jpg,Attire
image9175.jpg,Food
image1477.jpg,misc
image10102.jpg,Attire
image6880.jpg,Food
image10537.jpg,Attire
image8660.jpg,Attire
image9791.jpg,Food
image4440.jpg,misc
image6232.jpg,Attire
image3092.jpg,Food
image8087.jpg,Food
image490.jpg,Food
image10103.jpg,Food
image6903.jpg,Attire
image5927.jpg,Food
image10001.jpg,Food
image6510.jpg,Food
image8930.jpg,Decorationandsignage
image548.jpg,Food
image10252.jpg,Food
image9407.jpg,Attire
image7420.jpg,Food
image8016.jpg,Food
image6142.jpg,misc
image7195.jpg,Food
image7208.jpg,Food
image1050.jpg,misc
image5177.jpg,Food
image9923.jpg,misc
image759.jpg,Decorationandsignage
image5149.jpg,Decorationandsignage
image5648.jpg,Attire
image7399.jpg,Attire
image5969.jpg,Food
image9436.jpg,Food
image10871.jpg,Attire
image6762.jpg,Food
image10622.jpg,misc
image3867.jpg,Food
image8785.jpg,Attire
image1118.jpg,Attire
image2507.jpg,Food
image8267.jpg,Food
image3176.jpg,Food
image964.jpg,Food
image1662.jpg,Food
image9004.jpg,Attire
image3086.jpg,misc
image1943.jpg,Food
image2995.jpg,Attire
image6807.jpg,Attire
image3776.jpg,Food
image3429.jpg,Attire
image10846.jpg,Decorationandsignage
image7873.jpg,misc
image2834.jpg,Attire
image3426.jpg,Attire
image2653.jpg,misc
image1650.jpg,Attire
image7437.jpg,Attire
image1054.jpg,Food
image4373.jpg,Attire
image8090.jpg,misc
image6912.jpg,Food
image7516.jpg,Food
image10725.jpg,Decorationandsignage
image1391.jpg,Attire
image5476.jpg,misc
image1886.jpg,Food
image10324.jpg,misc
image6864.jpg,Food
image6671.jpg,Attire
image5880.jpg,Food
image7752.jpg,Attire
image7736.jpg,Attire
image197.jpg,Food
image4330.jpg,Attire
image10721.jpg,Attire
image8525.jpg,Food
image8572.jpg,misc
image8136.jpg,Attire
image7193.jpg,Attire
image2217.jpg,Food
image5181.jpg,Food
image10740.jpg,Food
image452.jpg,Attire
image8027.jpg,Attire
image10607.jpg,Food
image4666.jpg,misc
image1342.jpg,Attire
image6124.jpg,misc
image7992.jpg,Attire
image636.jpg,Attire
image10370.jpg,Food
image5182.jpg,Attire
image6613.jpg,Food
image9805.jpg,Attire
image4063.jpg,misc
image7963.jpg,misc
image4100.jpg,Attire
image2960.jpg,Attire
image10461.jpg,misc
image7812.jpg,Attire
image4054.jpg,Attire
image6820.jpg,Decorationandsignage
image8917.jpg,misc
image3798.jpg,misc
image7440.jpg,Attire
image6278.jpg,Food
image8053.jpg,Attire
image4772.jpg,Food
image7287.jpg,Food
image10146.jpg,Attire
image8625.jpg,Food
image10082.jpg,Food
image8439.jpg,Attire
image9562.jpg,Food
image6517.jpg,Food
image5272.jpg,Attire
image5638.jpg,Attire
image314.jpg,Food
image8827.jpg,misc
image2220.jpg,Food
image8201.jpg,Food
image10049.jpg,Attire
image4057.jpg,Attire
image1897.jpg,Food
image1079.jpg,misc
image10302.jpg,Food
image2118.jpg,Decorationandsignage
image7417.jpg,Attire
image9808.jpg,misc
image8086.jpg,Food
image5310.jpg,misc
image6629.jpg,Attire
image3192.jpg,Attire
image7599.jpg,Food
image6614.jpg,Attire
image8175.jpg,Food
image7295.jpg,Food
image2815.jpg,Food
image4181.jpg,Food
image8723.jpg,Decorationandsignage
image4456.jpg,Food
image10789.jpg,Attire
image1248.jpg,Food
image10541.jpg,misc
image9753.jpg,Attire
image10426.jpg,Food
image743.jpg,misc
image6239.jpg,Food
image3112.jpg,Attire
image9936.jpg,Food
image4800.jpg,Decorationandsignage
image6521.jpg,Attire
image9599.jpg,Attire
image9885.jpg,Attire
image10474.jpg,Food
image2510.jpg,Attire
image4853.jpg,Food
image8059.jpg,Food
image7431.jpg,Food
image4919.jpg,Food
image6992.jpg,Food
image2497.jpg,Decorationandsignage
image5935.jpg,Attire
image712.jpg,misc
image518.jpg,Food
image4851.jpg,Decorationandsignage
image10648.jpg,Decorationandsignage
image5198.jpg,Food
image7886.jpg,Food
image5246.jpg,misc
image8612.jpg,Attire
image1466.jpg,Decorationandsignage
image1258.jpg,Food
image5637.jpg,Food
image6048.jpg,Food
image9090.jpg,Attire
image10183.jpg,misc
image1580.jpg,Decorationandsignage
image10420.jpg,misc
image9097.jpg,Food
image9524.jpg,Attire
image7416.jpg,Attire
image3272.jpg,Attire
image2493.jpg,Food
image9719.jpg,Attire
image8690.jpg,misc
image4677.jpg,Food
image7355.jpg,Attire
image3463.jpg,Attire
image10755.jpg,Food
image10718.jpg,Food
image10616.jpg,Food
image568.jpg,misc
image4019.jpg,Food
image1238.jpg,Food
image4264.jpg,Attire
image6398.jpg,Attire
image4907.jpg,Decorationandsignage
image6428.jpg,Decorationandsignage
image1591.jpg,Decorationandsignage
image3812.jpg,Attire
image10695.jpg,misc
image3724.jpg,misc
image4752.jpg,Food
image8885.jpg,Food
image10354.jpg,misc
image10617.jpg,Food
image3859.jpg,Food
image8251.jpg,Decorationandsignage
image8981.jpg,misc
image503.jpg,Food
image10014.jpg,Food
image8328.jpg,Decorationandsignage
image8607.jpg,misc
image9683.jpg,Attire
image2442.jpg,Food
image7572.jpg,Decorationandsignage
image117.jpg,Attire
image8101.jpg,Decorationandsignage
image9224.jpg,Attire
image6972.jpg,Food
image8537.jpg,misc
image6691.jpg,Decorationandsignage
image10731.jpg,Food
image2376.jpg,Food
image4972.jpg,Food
image9432.jpg,misc
image6810.jpg,Decorationandsignage
image9517.jpg,misc
image8452.jpg,Food
image5787.jpg,Attire
image8577.jpg,misc
image5417.jpg,Attire
image5249.jpg,Decorationandsignage
image1990.jpg,Attire
image5279.jpg,Attire
image3079.jpg,misc
image8765.jpg,Decorationandsignage
image3387.jpg,Decorationandsignage
image3481.jpg,Decorationandsignage
image3565.jpg,Decorationandsignage
image6456.jpg,Food
image6654.jpg,Attire
image3739.jpg,Food
image9283.jpg,misc
image6958.jpg,Food
image5591.jpg,Attire
image1262.jpg,Food
image8500.jpg,Food
image6647.jpg,Food
image5612.jpg,Attire
image5900.jpg,Food
image375.jpg,Food
image5157.jpg,Food
image10207.jpg,Decorationandsignage
image5082.jpg,misc
image3427.jpg,Attire
image5099.jpg,Food
image6465.jpg,misc
image10031.jpg,Food
image9005.jpg,Attire
image8362.jpg,Decorationandsignage
image2579.jpg,Food
image2700.jpg,Attire
image4890.jpg,Food
image6221.jpg,Food
image3391.jpg,Attire
image4123.jpg,Attire
image54.jpg,Attire
image2363.jpg,Food
image5713.jpg,Attire
image4532.jpg,Attire
image3945.jpg,Food
image5799.jpg,Food
image4627.jpg,Decorationandsignage
image303.jpg,Attire
image9788.jpg,Attire
image10275.jpg,misc
image4769.jpg,Attire
image8784.jpg,misc
image1855.jpg,Food
image7782.jpg,Food
image10163.jpg,Attire
image7588.jpg,Food
image8202.jpg,Food
image8715.jpg,Attire
image8233.jpg,Decorationandsignage
image6516.jpg,Attire
image832.jpg,Food
image995.jpg,Food
image5432.jpg,Food
image9478.jpg,Food
image9755.jpg,misc
image6224.jpg,Food
image7765.jpg,Food
image3377.jpg,Food
image7606.jpg,Attire
image4268.jpg,Attire
image7170.jpg,Food
image2039.jpg,Attire
image7386.jpg,Food
image1111.jpg,Food
image8317.jpg,Decorationandsignage
image10052.jpg,Food
image3562.jpg,Food
image6322.jpg,Food
image6578.jpg,Decorationandsignage
image6859.jpg,Food
image6482.jpg,Attire
image2850.jpg,Food
image7943.jpg,misc
image9202.jpg,Attire
image8054.jpg,Food
image2983.jpg,Attire
image5382.jpg,misc
image9743.jpg,Attire
image4736.jpg,Decorationandsignage
image4719.jpg,Attire
image5189.jpg,Food
image7000.jpg,Food
image4040.jpg,Food
image4363.jpg,Attire
image2256.jpg,Attire
image4917.jpg,Decorationandsignage
image4911.jpg,Attire
image2504.jpg,Food
image502.jpg,Food
image9659.jpg,Food
image7803.jpg,Attire
image9058.jpg,Attire
image3354.jpg,Attire
image4169.jpg,Attire
image4854.jpg,Food
image8419.jpg,Food
image9280.jpg,Food
image3496.jpg,misc
image7436.jpg,Attire
image6562.jpg,Food
image1496.jpg,Food
image8257.jpg,Attire
image9698.jpg,Attire
image9864.jpg,Food
image1181.jpg,Decorationandsignage
image8311.jpg,Food
image5424.jpg,misc
image9113.jpg,misc
image4939.jpg,Food
image5003.jpg,Food
image8968.jpg,Attire
image6640.jpg,Food
image5970.jpg,Decorationandsignage
image1195.jpg,Food
image244.jpg,misc
image7954.jpg,misc
image5587.jpg,Attire
image4299.jpg,Food
image658.jpg,Decorationandsignage
image9467.jpg,misc
image9772.jpg,Decorationandsignage
image8067.jpg,misc
image7996.jpg,Food
image965.jpg,Attire
image7821.jpg,Food
image7511.jpg,Food
image3839.jpg,Food
image563.jpg,Attire
image8603.jpg,Food
image7430.jpg,Attire
image10484.jpg,Food
image6068.jpg,Food
image4692.jpg,misc
image8271.jpg,Food
image8957.jpg,Food
image6488.jpg,Attire
image5015.jpg,misc
image6854.jpg,Food
image6350.jpg,misc
image8622.jpg,Food
image7157.jpg,Food
image8641.jpg,Food
image2934.jpg,Decorationandsignage
image10632.jpg,Food
image1356.jpg,Attire
image4678.jpg,Attire
image4274.jpg,Decorationandsignage
image109.jpg,Attire
image8803.jpg,Food
image8381.jpg,Food
image5770.jpg,Attire
image9862.jpg,Attire
image3970.jpg,Attire
image5150.jpg,Attire
image8347.jpg,Attire
image6994.jpg,misc
image4732.jpg,Food
image5579.jpg,Attire
image6969.jpg,Food
image10222.jpg,Food
image2052.jpg,Attire
image8428.jpg,misc
image75.jpg,Decorationandsignage
image10094.jpg,Food
image5565.jpg,Food
image7414.jpg,Food
image2682.jpg,Food
image4884.jpg,Attire
image5641.jpg,Attire
image8775.jpg,misc
image10586.jpg,misc
image9639.jpg,Decorationandsignage
image10558.jpg,Decorationandsignage
image4682.jpg,Food
image3245.jpg,Food
image9177.jpg,Food
image6097.jpg,misc
image2365.jpg,Decorationandsignage
image2974.jpg,Food
image7640.jpg,Food
image4699.jpg,Food
image3097.jpg,Attire
image9604.jpg,misc
image10397.jpg,Attire
image5538.jpg,Food
image6246.jpg,Food
image4259.jpg,Food
image480.jpg,Decorationandsignage
image8055.jpg,misc
image9250.jpg,Food
image4846.jpg,Food
image339.jpg,Attire
image3740.jpg,Decorationandsignage
image1480.jpg,Attire
image1209.jpg,Food
image8239.jpg,Food
image4949.jpg,Food
image4564.jpg,Decorationandsignage
image1429.jpg,Food
image8300.jpg,misc
image6019.jpg,Attire
image5605.jpg,Food
image9422.jpg,Attire
image4293.jpg,Attire
image3136.jpg,Attire
image5511.jpg,Attire
image10056.jpg,misc
image7117.jpg,misc
image63.jpg,misc
image423.jpg,Food
image7753.jpg,Attire
image5858.jpg,Attire
image9920.jpg,misc
image5295.jpg,Food
image2511.jpg,Decorationandsignage
image5038.jpg,Decorationandsignage
image461.jpg,Food
image3575.jpg,Attire
image10098.jpg,Food
image10519.jpg,Food
image9665.jpg,Food
image10157.jpg,misc
image8912.jpg,Decorationandsignage
image10650.jpg,Food
image1695.jpg,Food
image7519.jpg,Food
image7026.jpg,Attire
image9145.jpg,Food
image6286.jpg,Attire
image6006.jpg,Attire
image10579.jpg,misc
image994.jpg,Food
image1303.jpg,Food
image5706.jpg,Attire
image6512.jpg,Attire
image5475.jpg,Decorationandsignage
image3211.jpg,Decorationandsignage
image5868.jpg,Attire
image6985.jpg,Decorationandsignage
image8764.jpg,Food
image4903.jpg,Decorationandsignage
image175.jpg,Food
image5283.jpg,Food
image5668.jpg,Food
image9551.jpg,Attire
image10813.jpg,Food
image7294.jpg,Decorationandsignage
image6672.jpg,Food
image6818.jpg,Attire
image10837.jpg,Food
image8373.jpg,misc
image6347.jpg,misc
image5077.jpg,misc
image122.jpg,Attire
image3425.jpg,misc
image4127.jpg,Attire
image4585.jpg,Food
image6591.jpg,Attire
image6648.jpg,Attire
image4886.jpg,Food
image7222.jpg,Food
image8506.jpg,Attire
image6483.jpg,Food
image3362.jpg,Decorationandsignage
image1215.jpg,Food
image8650.jpg,Attire
image4017.jpg,Attire
image722.jpg,Food
image4955.jpg,Decorationandsignage
image9206.jpg,Attire
image4546.jpg,Food
image9975.jpg,Food
image2774.jpg,Food
image8070.jpg,Attire
image9480.jpg,Food
image4355.jpg,Food
image9207.jpg,Attire
image1692.jpg,Attire
image5335.jpg,Attire
image7548.jpg,misc
image10459.jpg,Food
image8277.jpg,Attire
image5732.jpg,Food
image4805.jpg,Food
image4460.jpg,Attire
image3356.jpg,Food
image5873.jpg,Decorationandsignage
image10653.jpg,Food
image5872.jpg,misc
image2708.jpg,Food
image7141.jpg,Food
image6200.jpg,Food
image7110.jpg,Food
image9759.jpg,Attire
image1813.jpg,Food
image6353.jpg,Attire
image484.jpg,Food
image7537.jpg,Attire
image2238.jpg,Decorationandsignage
image2297.jpg,misc
image4421.jpg,Attire
image3765.jpg,Food
image5008.jpg,Attire
image10077.jpg,Attire
image9069.jpg,Food
image9273.jpg,Attire
image7135.jpg,Food
image1206.jpg,misc
image5236.jpg,misc
image10832.jpg,misc
image3554.jpg,Food
image10637.jpg,Decorationandsignage
image5470.jpg,Food
image6443.jpg,Attire
image1948.jpg,Attire
image3897.jpg,Attire
image5692.jpg,Attire
image4970.jpg,Food
image7597.jpg,Decorationandsignage
image2194.jpg,misc
image9576.jpg,Attire
image8761.jpg,Attire
image7081.jpg,Decorationandsignage
image6330.jpg,Food
image5704.jpg,Attire
image9234.jpg,Attire
image9647.jpg,misc
image9107.jpg,misc
image1098.jpg,Food
image5330.jpg,Food
image2159.jpg,Food
image7105.jpg,Food
image365.jpg,misc
image7160.jpg,Decorationandsignage
image8465.jpg,Decorationandsignage
image4125.jpg,Food
image6556.jpg,Decorationandsignage
image9458.jpg,Attire
image6148.jpg,Attire
image10521.jpg,Attire
image1938.jpg,Attire
image4601.jpg,Food
image721.jpg,Food
image7060.jpg,misc
image4252.jpg,Attire
image3871.jpg,misc
image6495.jpg,Food
image7862.jpg,Attire
image4929.jpg,Decorationandsignage
image6271.jpg,Attire
image297.jpg,misc
image10444.jpg,Food
image6120.jpg,Attire
image6491.jpg,Food
image6927.jpg,Food
image837.jpg,misc
image8938.jpg,Attire
image6165.jpg,Attire
image2155.jpg,Attire
image552.jpg,Attire
image4059.jpg,Food
image5672.jpg,misc
image4510.jpg,Attire
image8901.jpg,Food
image10456.jpg,misc
image7301.jpg,Attire
image7717.jpg,Food
image4821.jpg,Food
image409.jpg,Attire
image6201.jpg,misc
image9143.jpg,Food
image3813.jpg,misc
image4675.jpg,Attire
image3538.jpg,Food
image1124.jpg,Attire
image10044.jpg,Attire
image8667.jpg,misc
image914.jpg,Decorationandsignage
image9334.jpg,Attire
image133.jpg,Attire
image8941.jpg,Food
image6706.jpg,Attire
image10039.jpg,Attire
image8952.jpg,Food
image5421.jpg,Food
image4459.jpg,Food
image9199.jpg,Attire
image1333.jpg,Food
image6111.jpg,Food
image7380.jpg,misc
image8772.jpg,Food
image5326.jpg,Attire
image10417.jpg,Attire
image5835.jpg,Food
image494.jpg,misc
image7761.jpg,Food
image7255.jpg,Food
image5455.jpg,Attire
image8543.jpg,Attire
image8030.jpg,Attire
image2608.jpg,Attire
image1573.jpg,misc
image1137.jpg,Decorationandsignage
image871.jpg,Attire
image1665.jpg,Attire
image926.jpg,Food
image1074.jpg,Food
image284.jpg,Decorationandsignage
image8573.jpg,misc
image1570.jpg,Decorationandsignage
image4901.jpg,Attire
image6511.jpg,Attire
image7143.jpg,Attire
image8241.jpg,Food
image403.jpg,Food
image1927.jpg,Attire
image9332.jpg,Attire
image6379.jpg,Food
image7442.jpg,Decorationandsignage
image8965.jpg,Food
image2064.jpg,Attire
image5325.jpg,misc
image3922.jpg,Attire
image8828.jpg,Food
image10829.jpg,Food
image10240.jpg,Attire
image9242.jpg,Attire
image4746.jpg,Decorationandsignage
image8269.jpg,Decorationandsignage
image4583.jpg,misc
image239.jpg,Attire
image8115.jpg,Food
image10093.jpg,Decorationandsignage
image10877.jpg,Food
image3340.jpg,Attire
image7460.jpg,Food
image9876.jpg,Attire
image7325.jpg,Attire
image4147.jpg,Food
image3939.jpg,Decorationandsignage
image2207.jpg,Attire
image4387.jpg,Food
image1092.jpg,Food
image9760.jpg,Food
image8739.jpg,Food
image4835.jpg,Food
image4804.jpg,Food
image9064.jpg,Food
image5574.jpg,Attire
image10206.jpg,Food
image7952.jpg,Food
image6187.jpg,Food
image8493.jpg,Attire
image3235.jpg,Attire
image10876.jpg,Food
image5467.jpg,Decorationandsignage
image10613.jpg,Food
image5932.jpg,Attire
image7872.jpg,Attire
image3025.jpg,misc
image8064.jpg,Attire
image3348.jpg,Food
image1452.jpg,Food
image2237.jpg,Decorationandsignage
image252.jpg,Food
image3417.jpg,Attire
image10250.jpg,Food
image4590.jpg,misc
image8503.jpg,Attire
image6065.jpg,Attire
image7501.jpg,Attire
image9783.jpg,Attire
image1259.jpg,Food
image8947.jpg,Food
image10430.jpg,misc
image7318.jpg,misc
image7411.jpg,Attire
image8794.jpg,Decorationandsignage
image6822.jpg,Food
image6033.jpg,misc
image4837.jpg,Attire
image10271.jpg,Attire
image9829.jpg,Food
image4362.jpg,Food
image76.jpg,Food
image7129.jpg,Food
image5765.jpg,Attire
image5398.jpg,Food
image10170.jpg,misc
image6269.jpg,Attire
image7534.jpg,misc
image9744.jpg,Food
image7098.jpg,Food
image9915.jpg,Attire
image9089.jpg,Food
image5691.jpg,Food
image6297.jpg,Attire
image4477.jpg,Food
image4013.jpg,Attire
image5520.jpg,Food
image3529.jpg,Decorationandsignage
image6067.jpg,Attire
image1198.jpg,Attire
image3081.jpg,misc
image9347.jpg,Attire
image8831.jpg,Decorationandsignage
image6026.jpg,Food
image6925.jpg,Decorationandsignage
image10084.jpg,Food
image6558.jpg,Decorationandsignage
image7672.jpg,Decorationandsignage
image1534.jpg,Attire
image1471.jpg,Attire
image7512.jpg,Food
image9612.jpg,Food
image6729.jpg,Attire
image4067.jpg,Food
image3738.jpg,Food
image1774.jpg,misc
image5673.jpg,Attire
image8276.jpg,Decorationandsignage
image2984.jpg,Attire
image770.jpg,Food
image7344.jpg,Food
image8102.jpg,misc
image7850.jpg,Attire
image989.jpg,misc
image6758.jpg,Attire
image7934.jpg,Food
image7220.jpg,misc
image4010.jpg,Food
image5488.jpg,misc
image7275.jpg,Food
image10831.jpg,misc
image4325.jpg,Attire
image2323.jpg,Food
image10664.jpg,Food
image8149.jpg,Attire
image8478.jpg,misc
image3326.jpg,Attire
image9688.jpg,Food
image5392.jpg,Decorationandsignage
image4607.jpg,misc
image7535.jpg,Attire
image9419.jpg,Attire
image1721.jpg,Attire
image8927.jpg,Food
image6448.jpg,Attire
image9770.jpg,Attire
image5439.jpg,Food
image5408.jpg,Attire
image3642.jpg,Food
image7024.jpg,Attire
image2441.jpg,misc
image1915.jpg,Decorationandsignage
image5843.jpg,Decorationandsignage
image4751.jpg,misc
image6109.jpg,Food
image4046.jpg,Food
image818.jpg,Decorationandsignage
image1906.jpg,Attire
image4718.jpg,Attire
image1624.jpg,Food
image2751.jpg,misc
image2550.jpg,Attire
image6579.jpg,Food
image9490.jpg,Food
image371.jpg,misc
image7068.jpg,Attire
image10567.jpg,Attire
image347.jpg,Decorationandsignage
image9792.jpg,Attire
image6210.jpg,Attire
image6207.jpg,Food
image4214.jpg,Food
image4151.jpg,Attire
image1756.jpg,Food
image7916.jpg,Attire
image2242.jpg,Food
image1558.jpg,Decorationandsignage
image8740.jpg,misc
image2621.jpg,Attire
image7860.jpg,Food
image4771.jpg,misc
image1696.jpg,Food
image3586.jpg,misc
image4053.jpg,Food
image6690.jpg,Attire
image4721.jpg,Food
image7048.jpg,Decorationandsignage
image9928.jpg,Food
image6636.jpg,Decorationandsignage
image7283.jpg,Food
image1146.jpg,Decorationandsignage
image6543.jpg,Food
image3709.jpg,Attire
image1430.jpg,misc
image8321.jpg,Food
image8165.jpg,Attire
image7523.jpg,Attire
image10269.jpg,misc
image7738.jpg,Attire
image10481.jpg,Attire
image7188.jpg,Food
image10598.jpg,Food
image8545.jpg,Attire
image2116.jpg,Food
image2833.jpg,Decorationandsignage
image4315.jpg,Attire
image8619.jpg,Food
image3147.jpg,Attire
image10133.jpg,Food
image6831.jpg,Attire
image3117.jpg,Attire
image2035.jpg,Food
image5042.jpg,misc
image9802.jpg,Decorationandsignage
image3052.jpg,Attire
image4018.jpg,Food
image1562.jpg,Food
image10743.jpg,Attire
image6088.jpg,Food
image10765.jpg,Food
image8099.jpg,Food
image7217.jpg,Attire
image10542.jpg,Decorationandsignage
image1055.jpg,Food
image6620.jpg,misc
image7549.jpg,Decorationandsignage
image6577.jpg,Decorationandsignage
image2806.jpg,misc
image6507.jpg,Attire
image9501.jpg,Attire
image4068.jpg,Food
image4487.jpg,misc
image5583.jpg,Attire
image8379.jpg,Food
image6288.jpg,misc
image8412.jpg,Attire
image5472.jpg,Food
image7352.jpg,Food
image1524.jpg,Food
image979.jpg,Attire
image2335.jpg,Decorationandsignage
image3634.jpg,Food
image10662.jpg,Attire
image6084.jpg,Food
image7130.jpg,Food
image3359.jpg,Food
image10555.jpg,misc
image4659.jpg,Food
image7281.jpg,Attire
image10418.jpg,Food
image4284.jpg,Food
image5311.jpg,Food
image4843.jpg,Attire
image9380.jpg,Food
image2337.jpg,misc
image8595.jpg,misc
image2382.jpg,Decorationandsignage
image7212.jpg,misc
image10809.jpg,Decorationandsignage
image1982.jpg,Food
image7977.jpg,Food
image2286.jpg,Attire
image7425.jpg,Attire
image8183.jpg,Food
image2500.jpg,misc
image2745.jpg,Decorationandsignage
image6900.jpg,Attire
image10026.jpg,misc
image10023.jpg,Decorationandsignage
image5242.jpg,Food
image8103.jpg,Food
image8682.jpg,Decorationandsignage
image9587.jpg,Food
image8292.jpg,Decorationandsignage
image6693.jpg,Food
image396.jpg,Food
image2287.jpg,Food
image5451.jpg,Food
image1465.jpg,Food
image1112.jpg,Attire
image10761.jpg,Food
image10236.jpg,Attire
image9933.jpg,Attire
image10628.jpg,misc
image9361.jpg,misc
image7565.jpg,misc
image8676.jpg,Food
image8144.jpg,Food
image2331.jpg,misc
image9393.jpg,misc
image1691.jpg,Attire
image4228.jpg,Decorationandsignage
image3122.jpg,Attire
image7853.jpg,misc
image8751.jpg,Attire
image3675.jpg,Food
image600.jpg,misc
image1320.jpg,Food
image8546.jpg,Food
image7311.jpg,misc
image3127.jpg,misc
image6575.jpg,Food
image3218.jpg,Decorationandsignage
image744.jpg,Food
image10231.jpg,Attire
image3409.jpg,misc
image2643.jpg,Food
image2668.jpg,misc
image7328.jpg,Attire
image2835.jpg,misc
image3889.jpg,Decorationandsignage
image6074.jpg,Food
image8121.jpg,Decorationandsignage
image1370.jpg,Food
image3865.jpg,Attire
image4270.jpg,misc
image2314.jpg,Attire
image9278.jpg,Food
image1325.jpg,Attire
image8513.jpg,misc
image892.jpg,misc
image7041.jpg,Decorationandsignage
image7377.jpg,Food
image4344.jpg,Food
image4476.jpg,misc
image7801.jpg,Food
image1039.jpg,Food
image4200.jpg,Food
image3441.jpg,Decorationandsignage
image279.jpg,Attire
image8120.jpg,Decorationandsignage
image1737.jpg,Food
image2139.jpg,Food
image7248.jpg,Food
image6826.jpg,Attire
image723.jpg,Attire
image10005.jpg,Decorationandsignage
image2838.jpg,Food
image3814.jpg,Attire
image6743.jpg,misc
image10774.jpg,Attire
image9256.jpg,Food
image8192.jpg,Attire
image4780.jpg,Food
image194.jpg,Food
image2053.jpg,Food
image1773.jpg,Food
image8434.jpg,Attire
image6863.jpg,Attire
image2794.jpg,Food
image5095.jpg,Food
image5230.jpg,Decorationandsignage
image1673.jpg,Attire
image10037.jpg,Attire
image5733.jpg,misc
image5842.jpg,Food
image1142.jpg,Food
image10350.jpg,Attire
image2729.jpg,Food
image7474.jpg,Food
image10245.jpg,Food
image6040.jpg,Food
image9140.jpg,Food
image725.jpg,Food
image9998.jpg,Food
image10777.jpg,Decorationandsignage
image2387.jpg,Food
image1519.jpg,Decorationandsignage
image153.jpg,Decorationandsignage
image1399.jpg,Food
image7666.jpg,Food
image8966.jpg,Attire
image5319.jpg,Attire
image2049.jpg,Attire
image4557.jpg,Food
image10009.jpg,Food
image9314.jpg,Food
image424.jpg,Food
image5046.jpg,Food
image514.jpg,Food
image8108.jpg,Food
image9121.jpg,misc
image1075.jpg,Food
image5481.jpg,misc
image6528.jpg,Food
image668.jpg,Attire
image9696.jpg,Decorationandsignage
image9799.jpg,Attire
image3109.jpg,misc
image5671.jpg,Attire
image8421.jpg,misc
image9878.jpg,misc
image312.jpg,Attire
image4628.jpg,Food
image10518.jpg,Attire
image8398.jpg,Food
image5266.jpg,Food
image3551.jpg,Food
image9884.jpg,Food
image2912.jpg,Food
image8527.jpg,Food
image3876.jpg,Attire
image4650.jpg,Attire
image8994.jpg,Food
image6463.jpg,misc
image3319.jpg,Food
image7106.jpg,Decorationandsignage
image4473.jpg,Attire
image493.jpg,Food
image6981.jpg,Food
image2789.jpg,Food
image4892.jpg,Decorationandsignage
image8657.jpg,misc
image6182.jpg,Attire
image2659.jpg,Food
image1503.jpg,Decorationandsignage
image9098.jpg,Food
image10330.jpg,Food
image5156.jpg,Attire
image10770.jpg,Attire
image8291.jpg,Attire
image3736.jpg,Decorationandsignage
image8853.jpg,Attire
image1840.jpg,Food
image8349.jpg,Food
image10510.jpg,misc
image4674.jpg,misc
image5274.jpg,misc
image8645.jpg,Attire
image10501.jpg,Attire
image5675.jpg,Attire
image6847.jpg,misc
image10124.jpg,Attire
image5216.jpg,Food
image4308.jpg,Attire
image2575.jpg,misc
image4207.jpg,Attire
image2777.jpg,misc
image9220.jpg,Attire
image324.jpg,Food
image9942.jpg,Attire
image6968.jpg,Attire
image4184.jpg,Attire
image8551.jpg,Decorationandsignage
image7096.jpg,Food
image819.jpg,misc
image8532.jpg,misc
image2391.jpg,Food
image9972.jpg,Attire
image8177.jpg,Attire
image8688.jpg,misc
image8473.jpg,misc
image7272.jpg,Attire
image1960.jpg,Decorationandsignage
image2142.jpg,Food
image4031.jpg,Food
image10238.jpg,misc
image6130.jpg,Food
image9352.jpg,Food
image4866.jpg,Food
image8593.jpg,misc
image462.jpg,Food
image4156.jpg,misc
image4549.jpg,misc
image3648.jpg,Decorationandsignage
image3550.jpg,Decorationandsignage
image9964.jpg,misc
image2483.jpg,Food
image7371.jpg,Food
image1613.jpg,Attire
image7959.jpg,misc
image1625.jpg,Food
image3570.jpg,Attire
image9418.jpg,misc
image7132.jpg,Decorationandsignage
image572.jpg,Food
image5761.jpg,Food
image6255.jpg,Attire
image1263.jpg,Decorationandsignage
image7421.jpg,Food
image2955.jpg,Food
image8675.jpg,misc
image6670.jpg,Decorationandsignage
image4341.jpg,misc
image6399.jpg,Attire
image4680.jpg,misc
image5020.jpg,Food
image3177.jpg,Food
image10024.jpg,Food
image2205.jpg,Food
image7142.jpg,misc
image10027.jpg,misc
image8485.jpg,Food
image2330.jpg,Food
image4337.jpg,Attire
image10874.jpg,Attire
image9219.jpg,Food
image5849.jpg,Food
image4889.jpg,Attire
image10364.jpg,Food
image9824.jpg,Attire
image6213.jpg,misc
image10429.jpg,Attire
image9453.jpg,Attire
image9411.jpg,Food
image9020.jpg,Food
image7827.jpg,Food
image9405.jpg,Attire
image9961.jpg,Attire
image335.jpg,Food
image8174.jpg,Food
image4848.jpg,Food
image8733.jpg,misc
image367.jpg,Attire
image7015.jpg,Food
image9181.jpg,Food
image8199.jpg,Decorationandsignage
image3057.jpg,Food
image923.jpg,Attire
image1716.jpg,Decorationandsignage
image10411.jpg,Food
image8725.jpg,Food
image7559.jpg,Food
image4717.jpg,Food
image4910.jpg,Food
image8921.jpg,Food
image4399.jpg,Food
image1245.jpg,misc
image9437.jpg,Attire
image2601.jpg,Food
image4074.jpg,Food
image7772.jpg,Food
image5443.jpg,Attire
image8150.jpg,Food
image1123.jpg,Food
image5048.jpg,misc
image10748.jpg,Food
image9978.jpg,Attire
image5315.jpg,Decorationandsignage
image10552.jpg,Food
image7495.jpg,misc
image1653.jpg,Food
image6025.jpg,Food
image5500.jpg,Attire
image6536.jpg,Attire
image5533.jpg,Attire
image7445.jpg,Attire
image10827.jpg,Food
image6231.jpg,Attire
image4334.jpg,Attire
image9712.jpg,Decorationandsignage
image5588.jpg,Food
image215.jpg,Food
image2896.jpg,Decorationandsignage
image3480.jpg,misc
image10825.jpg,misc
image5316.jpg,Attire
image1752.jpg,misc
image2461.jpg,misc
image1203.jpg,Food
image5949.jpg,misc
image1674.jpg,Food
image10169.jpg,Decorationandsignage
image9408.jpg,Food
image968.jpg,Food
image9509.jpg,Attire
image6815.jpg,Attire
image7408.jpg,Food
image5165.jpg,misc
image7825.jpg,Attire
image2145.jpg,Attire
image1828.jpg,misc
image3305.jpg,Attire
image8812.jpg,Attire
image1984.jpg,Decorationandsignage
image1602.jpg,Food
image6071.jpg,Food
image458.jpg,Attire
image1027.jpg,misc
image5188.jpg,Attire
image2444.jpg,Food
image68.jpg,Food
image6285.jpg,Food
image5724.jpg,Food
image6105.jpg,Food
image1597.jpg,Food
image8430.jpg,Food
image5024.jpg,misc
image5327.jpg,Attire
image8270.jpg,Food
image9258.jpg,Attire
image928.jpg,Decorationandsignage
image6449.jpg,Food
image2175.jpg,Attire
image2427.jpg,Attire
image4002.jpg,Decorationandsignage
image4827.jpg,Attire
image4822.jpg,Attire
image7859.jpg,Food
image866.jpg,Food
image3500.jpg,Attire
image5371.jpg,Attire
image6501.jpg,Food
image6010.jpg,misc
image9211.jpg,Food
image8395.jpg,misc
image3398.jpg,misc
image9111.jpg,Food
image6574.jpg,Decorationandsignage
image10210.jpg,Food
image8052.jpg,Attire
image9699.jpg,Attire
image7660.jpg,Food
image1642.jpg,misc
image7585.jpg,Decorationandsignage
image3056.jpg,Attire
image5968.jpg,Attire
image4377.jpg,Food
image9006.jpg,Food
image3783.jpg,Attire
image9191.jpg,Attire
image3448.jpg,Attire
image2848.jpg,Attire
image1056.jpg,Food
image3471.jpg,Food
image6132.jpg,Food
image6282.jpg,Attire
image4651.jpg,Food
image10159.jpg,misc
image7530.jpg,misc
image7383.jpg,Decorationandsignage
image2109.jpg,misc
image7375.jpg,Food
image10455.jpg,Food
image9493.jpg,Food
image9443.jpg,Attire
image6697.jpg,Attire
image3277.jpg,misc
image5101.jpg,Food
image298.jpg,Attire
image9472.jpg,Attire
image8193.jpg,Food
image5953.jpg,Food
image5546.jpg,Food
image1291.jpg,Food
image1783.jpg,Food
image8646.jpg,Attire
image7107.jpg,Food
image884.jpg,Food
image8818.jpg,Food
image6624.jpg,Food
image6053.jpg,Food
image5659.jpg,Attire
image7067.jpg,Food
image2726.jpg,Attire
image7317.jpg,Food
image4895.jpg,Attire
image8638.jpg,Attire
image1594.jpg,Food
image2597.jpg,Food
image6367.jpg,Food
image3591.jpg,Attire
image9291.jpg,Food
image6907.jpg,Attire
image10297.jpg,Attire
image9869.jpg,Decorationandsignage
image6497.jpg,misc
image5332.jpg,Food
image3214.jpg,misc
image6704.jpg,Decorationandsignage
image2867.jpg,Food
image1439.jpg,Attire
image561.jpg,Food
image6177.jpg,misc
image5347.jpg,misc
image761.jpg,Attire
image8910.jpg,Attire
image5527.jpg,Attire
image10747.jpg,misc
image7601.jpg,Food
image5539.jpg,Attire
image7865.jpg,misc
image4921.jpg,Food
image4982.jpg,Food
image7254.jpg,Food
image3444.jpg,Attire
image3610.jpg,Attire
image6514.jpg,Food
image438.jpg,Food
image9299.jpg,misc
image9700.jpg,Food
image2349.jpg,Food
image7125.jpg,Food
image3440.jpg,Food
image8579.jpg,misc
image5478.jpg,Attire
image1175.jpg,Decorationandsignage
image9565.jpg,Attire
image9678.jpg,Attire
image6950.jpg,Attire
image2135.jpg,Attire
image5542.jpg,Attire
image2085.jpg,Decorationandsignage
image3144.jpg,misc
image7206.jpg,Attire
image7228.jpg,misc
image5268.jpg,Attire
image5351.jpg,Food
image1260.jpg,Food
image7800.jpg,Food
image2888.jpg,Decorationandsignage
image10548.jpg,Food
image1108.jpg,Attire
image3352.jpg,Food
image1037.jpg,Food
image6934.jpg,Attire
image8025.jpg,Food
image5754.jpg,misc
image7569.jpg,misc
image10327.jpg,Food
image5493.jpg,Food
image7967.jpg,Food
image9165.jpg,misc
image2757.jpg,Food
image8095.jpg,Food
image4503.jpg,Food
image9580.jpg,Attire
image3382.jpg,Decorationandsignage
image8709.jpg,Food
image3470.jpg,misc
image10884.jpg,Food
image3028.jpg,Food
image2221.jpg,misc
image2543.jpg,misc
image541.jpg,Food
image1084.jpg,Food
image7458.jpg,Food
image7932.jpg,Food
image9438.jpg,Food
image4332.jpg,misc
image4263.jpg,Food
image5437.jpg,Food
image2611.jpg,Food
image8404.jpg,misc
image5522.jpg,Attire
image3168.jpg,Food
image2001.jpg,misc
image4857.jpg,Food
image3047.jpg,Decorationandsignage
image7723.jpg,Attire
image5211.jpg,Food
image9970.jpg,misc
image5959.jpg,Food
image4446.jpg,Food
image171.jpg,Food
image3619.jpg,Attire
image7050.jpg,Food
image10309.jpg,Food
image10845.jpg,misc
image10342.jpg,Attire
image7767.jpg,Attire
image4923.jpg,Attire
image9072.jpg,Decorationandsignage
image1224.jpg,Food
image4186.jpg,Attire
image10821.jpg,misc
image10450.jpg,Food
image5210.jpg,Food
image3283.jpg,Food
image10576.jpg,misc
image2739.jpg,Attire
image10067.jpg,Attire
image5502.jpg,Attire
image4331.jpg,Attire
image10081.jpg,Food
image10810.jpg,Food
image5827.jpg,Attire
image7616.jpg,Decorationandsignage
image1151.jpg,Food
image3237.jpg,Attire
image6357.jpg,Food
image4658.jpg,Decorationandsignage
image9793.jpg,Food
image5569.jpg,Food
image1120.jpg,misc
image505.jpg,Attire
image4345.jpg,Food
image6489.jpg,misc
image2032.jpg,Food
image1377.jpg,Decorationandsignage
image5537.jpg,Decorationandsignage
image2593.jpg,Food
image6475.jpg,misc
image5240.jpg,Food
image869.jpg,Decorationandsignage
image7277.jpg,Attire
image569.jpg,Food
image9484.jpg,Food
image6179.jpg,Decorationandsignage
image2327.jpg,Attire
image9236.jpg,Food
image7428.jpg,Attire
image8855.jpg,Food
image2684.jpg,Attire
image2457.jpg,misc
image6522.jpg,Food
image7099.jpg,misc
image5255.jpg,misc
image10145.jpg,Food
image1887.jpg,Food
image1375.jpg,Food
image10305.jpg,Food
image1072.jpg,Food
image7308.jpg,Food
image685.jpg,Food
image3536.jpg,Food
image178.jpg,Food
image3677.jpg,Decorationandsignage
image8599.jpg,Attire
image8727.jpg,Food
image7215.jpg,Food
image6028.jpg,Attire
image271.jpg,Attire
image10886.jpg,Decorationandsignage
image10858.jpg,Food
image7001.jpg,Attire
image85.jpg,misc
image10756.jpg,misc
image10768.jpg,Attire
image8787.jpg,Food
image511.jpg,Decorationandsignage
image4234.jpg,misc
image4527.jpg,Food
image362.jpg,Food
image3021.jpg,Food
image8198.jpg,Food
image9892.jpg,Food
image9768.jpg,Attire
image3090.jpg,misc
image5832.jpg,Decorationandsignage
image10278.jpg,Food
image5609.jpg,Food
image7034.jpg,misc
image7503.jpg,Food
image6848.jpg,Attire
image8766.jpg,misc
image1059.jpg,Decorationandsignage
image2352.jpg,Attire
image6038.jpg,Attire
image10669.jpg,Food
image9708.jpg,Food
image2172.jpg,Attire
image8273.jpg,Attire
image10784.jpg,Food
image3402.jpg,Food
image6630.jpg,Food
image2540.jpg,misc
image7013.jpg,misc
image6332.jpg,Attire
image4032.jpg,Attire
image1569.jpg,Attire
image3537.jpg,Decorationandsignage
image547.jpg,Attire
image3106.jpg,Food
image7097.jpg,Decorationandsignage
image5535.jpg,Attire
image8961.jpg,Attire
image2641.jpg,Food
image4605.jpg,Attire
image10151.jpg,Food
image6480.jpg,misc
image10317.jpg,Attire
image4706.jpg,Food
image8363.jpg,Food
image3600.jpg,Decorationandsignage
image1767.jpg,Food
image9879.jpg,Food
image269.jpg,Food
image9530.jpg,Food
image451.jpg,misc
image7085.jpg,Food
image4749.jpg,misc
image7137.jpg,Attire
image2028.jpg,Food
image549.jpg,Food
image1546.jpg,Decorationandsignage
image10744.jpg,Attire
image9563.jpg,Food
image6809.jpg,Decorationandsignage
image7267.jpg,Decorationandsignage
image8449.jpg,Decorationandsignage
image5769.jpg,Attire
image5906.jpg,Attire
image7218.jpg,Food
image10530.jpg,Food
image10478.jpg,Attire
image6037.jpg,Food
image8091.jpg,Food
image10872.jpg,Food
image8789.jpg,misc
image9243.jpg,Attire
image234.jpg,Attire
image8167.jpg,Decorationandsignage
image4646.jpg,Food
image2528.jpg,Attire
image5838.jpg,Attire
image1022.jpg,Food
image5445.jpg,Food
image10349.jpg,misc
image7072.jpg,misc
image2138.jpg,Food
image3193.jpg,Food
image10436.jpg,misc
image10611.jpg,Attire
image649.jpg,Decorationandsignage
image1082.jpg,Decorationandsignage
image8735.jpg,Food
image2276.jpg,Food
image745.jpg,Food
image6778.jpg,Food
image3978.jpg,Decorationandsignage
image4897.jpg,misc
image6050.jpg,Decorationandsignage
image7033.jpg,Attire
image10178.jpg,misc
image1497.jpg,misc
image2982.jpg,Attire
image6582.jpg,Decorationandsignage
image355.jpg,Attire
image5136.jpg,Food
image652.jpg,Decorationandsignage
image10191.jpg,Attire
image4514.jpg,Decorationandsignage
image1730.jpg,Food
image3349.jpg,Food
image10115.jpg,Food
image3679.jpg,Food
image497.jpg,Attire
image9344.jpg,Attire
image2475.jpg,misc
image8728.jpg,misc
image1287.jpg,Attire
image7869.jpg,Decorationandsignage
image7900.jpg,misc
image373.jpg,Food
image8881.jpg,misc
image4902.jpg,Food
image5826.jpg,Decorationandsignage
image9374.jpg,Food
image4199.jpg,Attire
image9403.jpg,Attire
image272.jpg,Attire
image4104.jpg,Food
image797.jpg,Attire
image10158.jpg,Food
image4793.jpg,Attire
image861.jpg,Food
image213.jpg,Decorationandsignage
image10583.jpg,Attire
image7177.jpg,Attire
image10147.jpg,Attire
image8058.jpg,Decorationandsignage
image10640.jpg,misc
image9025.jpg,Food
image3994.jpg,Food
image8935.jpg,misc
image7763.jpg,Attire
image7609.jpg,Food
image5126.jpg,Food
image9066.jpg,Food
image6530.jpg,Attire
image6957.jpg,Food
image1601.jpg,Decorationandsignage
image2701.jpg,Decorationandsignage
image4185.jpg,Food
image513.jpg,Food
image4297.jpg,Attire
image8432.jpg,Attire
image6390.jpg,Decorationandsignage
image2134.jpg,Attire
image1479.jpg,Decorationandsignage
image6914.jpg,Attire
image6081.jpg,Food
image4086.jpg,misc
image1736.jpg,Attire
image7505.jpg,Food
image554.jpg,Decorationandsignage
image360.jpg,Attire
image1544.jpg,misc
image2925.jpg,Food
image656.jpg,misc
image9465.jpg,Attire
image1038.jpg,Attire
image9062.jpg,Decorationandsignage
image4759.jpg,Food
image6555.jpg,Attire
image2878.jpg,Attire
image5870.jpg,Food
image9897.jpg,misc
image7987.jpg,Attire
image8384.jpg,Food
image9442.jpg,misc
image3862.jpg,Food
image3260.jpg,Food
image6977.jpg,Food
image6378.jpg,Attire
image2566.jpg,Attire
image3628.jpg,Attire
image1468.jpg,misc
image9684.jpg,misc
image9240.jpg,Food
image4957.jpg,misc
image9944.jpg,Food
image5630.jpg,Attire
image120.jpg,misc
image7993.jpg,Food
image8231.jpg,Attire
image1535.jpg,misc
image8951.jpg,Food
image6407.jpg,Decorationandsignage
image10410.jpg,Food
image8261.jpg,Attire
image5450.jpg,Food
image9511.jpg,misc
image2013.jpg,Attire
image6364.jpg,Food
image9200.jpg,Decorationandsignage
image9153.jpg,Attire
image1220.jpg,Food
image7942.jpg,Food
image7603.jpg,Food
image1929.jpg,Attire
image5857.jpg,Food
image2007.jpg,Attire
image2146.jpg,Attire
image1588.jpg,Food
image5337.jpg,Food
image3449.jpg,Food
image3183.jpg,Attire
image5667.jpg,Decorationandsignage
image1332.jpg,Food
image4222.jpg,Decorationandsignage
image1486.jpg,Decorationandsignage
image10217.jpg,Attire
image740.jpg,Decorationandsignage
image5705.jpg,Food
image8891.jpg,Food
image7362.jpg,Attire
image1207.jpg,Attire
image3019.jpg,misc
image2179.jpg,misc
image1778.jpg,Food
image8587.jpg,Decorationandsignage
image6910.jpg,misc
image9163.jpg,Food
image8867.jpg,Attire
image7905.jpg,misc
image3039.jpg,Decorationandsignage
image6617.jpg,Food
image7064.jpg,Food
image1731.jpg,Food
image2041.jpg,Attire
image6070.jpg,Decorationandsignage
image3280.jpg,Attire
image9958.jpg,misc
image9293.jpg,misc
image10685.jpg,Decorationandsignage
image9945.jpg,Decorationandsignage
image9988.jpg,misc
image7306.jpg,Attire
image2610.jpg,Food
image2627.jpg,misc
image6962.jpg,misc
image10012.jpg,Attire
image4271.jpg,Attire
image10008.jpg,misc
image3143.jpg,Food
image8429.jpg,misc
image750.jpg,Decorationandsignage
image7940.jpg,Food
image8075.jpg,Attire
image8684.jpg,Attire
image10694.jpg,Food
image5173.jpg,Food
image5801.jpg,Attire
image6963.jpg,Food
image1857.jpg,Attire
image10508.jpg,Food
image329.jpg,misc
image7339.jpg,misc
image280.jpg,Decorationandsignage
image4802.jpg,Attire
image6429.jpg,Food
image5448.jpg,Food
image2570.jpg,Food
image10047.jpg,Food
image9594.jpg,misc
image5389.jpg,Attire
image519.jpg,Decorationandsignage
image2747.jpg,Attire
image5112.jpg,Attire
image9653.jpg,Food
image4604.jpg,Food
image8714.jpg,Attire
image9987.jpg,Decorationandsignage
image3337.jpg,Attire
image416.jpg,Food
image2675.jpg,misc
image8033.jpg,Food
image10623.jpg,Attire
image2818.jpg,Attire
image9368.jpg,Food
image5404.jpg,misc
image7731.jpg,Attire
image6410.jpg,Decorationandsignage
image9882.jpg,Food
image7664.jpg,Food
image6243.jpg,Attire
image784.jpg,Decorationandsignage
image141.jpg,Attire
image10659.jpg,Attire
image5062.jpg,Decorationandsignage
image10596.jpg,misc
image9130.jpg,Attire
image10570.jpg,misc
image4452.jpg,Food
image1718.jpg,misc
image9671.jpg,Attire
image9913.jpg,misc
image1036.jpg,Food
image2650.jpg,Attire
image1417.jpg,Attire
image6265.jpg,Decorationandsignage
image5877.jpg,Decorationandsignage
image9656.jpg,Attire
image6333.jpg,Attire
image3680.jpg,Decorationandsignage
image6075.jpg,Decorationandsignage
image8213.jpg,Attire
image1539.jpg,Food
image9969.jpg,Food
image3870.jpg,Decorationandsignage
image1096.jpg,Attire
image2951.jpg,Attire
image7456.jpg,misc
image7111.jpg,Food
image148.jpg,Attire
image145.jpg,Food
image9260.jpg,Attire
image7187.jpg,Food
image3828.jpg,Decorationandsignage
image10736.jpg,Attire
image9801.jpg,Attire
image1872.jpg,Food
image7133.jpg,Attire
image4630.jpg,Food
image1766.jpg,Food
image9499.jpg,Attire
image796.jpg,Food
image10850.jpg,misc
image7057.jpg,Food
image4335.jpg,misc
image10836.jpg,Decorationandsignage
image10363.jpg,Decorationandsignage
image7856.jpg,Decorationandsignage
image256.jpg,Food
image6166.jpg,misc
image9701.jpg,Attire
image4967.jpg,Food
image7263.jpg,Decorationandsignage
image10307.jpg,Attire
image1869.jpg,misc
image1193.jpg,Food
image3690.jpg,Attire
image4932.jpg,Food
image1917.jpg,Food
image9837.jpg,Food
image6805.jpg,Attire
image5934.jpg,Food
image3126.jpg,Attire
image10360.jpg,Attire
image4961.jpg,Attire
image2338.jpg,Food
image7506.jpg,Food
image8924.jpg,Food
image8032.jpg,Decorationandsignage
image6122.jpg,Food
image2753.jpg,Attire
image10046.jpg,misc
image10150.jpg,Attire
image388.jpg,Attire
image2339.jpg,Food
image6156.jpg,Food
image10830.jpg,misc
image4914.jpg,Food
image155.jpg,Food
image10119.jpg,Food
image5572.jpg,Decorationandsignage
image9529.jpg,Attire
image4461.jpg,Attire
image9454.jpg,misc
image3544.jpg,misc
image2914.jpg,Food
image2738.jpg,Food
image2613.jpg,Decorationandsignage
image2856.jpg,Food
image9274.jpg,Food
image4442.jpg,Food
image5119.jpg,Food
image8564.jpg,Attire
image4836.jpg,Attire
image1530.jpg,Food
image336.jpg,Attire
image7734.jpg,Food
image537.jpg,Attire
image2448.jpg,Food
image1924.jpg,Decorationandsignage
image8569.jpg,misc
image8474.jpg,Food
image9538.jpg,Attire
image1816.jpg,misc
image5943.jpg,misc
image1235.jpg,Food
image3141.jpg,Food
image4665.jpg,Decorationandsignage
image10691.jpg,Food
image2177.jpg,Food
image1978.jpg,Food
image8302.jpg,Food
image6005.jpg,Decorationandsignage
image4319.jpg,misc
image8222.jpg,Attire
image4968.jpg,misc
image6673.jpg,Food
image3442.jpg,Attire
image8178.jpg,misc
image5367.jpg,misc
